,Virus,Subtype,clade,genotype,day,Sample,sample_time,ferret,PFU,RNA,AUC_PFU,AUC_RNA,trans,trans_cat,trans_3cat,PFU_unlog,RNA_unlog,RBS,RBS_cat
1,WA239,H5N1,2.3.4.4b,D1.1,d1,SPOT,30min,6754,0,3.15398802,0,2.867360839,0,non-transmissible,Non-transmissible,,,0,A
2,WA239,H5N1,2.3.4.4b,D1.1,d1,SPOT,30min,6756,0.529827543,3.420845717,0.16185082,3.173732373,0,non-transmissible,Non-transmissible,,,0,A
3,WA239,H5N1,2.3.4.4b,D1.1,d1,SPOT,30min,6758,0.830857539,2.812945334,0.94000207,4.16131957,0,non-transmissible,Non-transmissible,,,0,A
4,WA239,H5N1,2.3.4.4b,D1.1,d1,NIOSH,30min,6754,0,2.825463771,-0.185636577,3.746547254,0,non-transmissible,Non-transmissible,,,0,A
5,WA239,H5N1,2.3.4.4b,D1.1,d1,NIOSH,30min,6756,0.592514673,2.854764097,0.416423414,3.750648824,0,non-transmissible,Non-transmissible,,,0,A
6,WA239,H5N1,2.3.4.4b,D1.1,d1,NIOSH,30min,6758,0,3.489310144,0.554726113,3.582787104,0,non-transmissible,Non-transmissible,,,0,A
7,WA239,H5N1,2.3.4.4b,D1.1,d1,NIOSH,30min,6754,0,2.930677752,-0.185636577,3.746547254,0,non-transmissible,Non-transmissible,,,0,A
8,WA239,H5N1,2.3.4.4b,D1.1,d1,NIOSH,30min,6756,0.416423414,2.588148957,0.416423414,3.750648824,0,non-transmissible,Non-transmissible,,,0,A
9,WA239,H5N1,2.3.4.4b,D1.1,d1,NIOSH,30min,6758,0.814363423,3.501126475,0.554726113,3.582787104,0,non-transmissible,Non-transmissible,,,0,A
10,WA239,H5N1,2.3.4.4b,D1.1,d1,NW,,6754,4.278753601,7.084392844,5.561697533,8.796132494,0,non-transmissible,Non-transmissible,,,0,A
11,WA239,H5N1,2.3.4.4b,D1.1,d1,NW,,6756,4.33243846,7.379977579,4.938269483,8.606817791,0,non-transmissible,Non-transmissible,,,0,A
12,WA239,H5N1,2.3.4.4b,D1.1,d1,NW,,6758,4,7.136602018,5.494154594,8.629997498,0,non-transmissible,Non-transmissible,,,0,A
13,WA239,H5N1,2.3.4.4b,D1.1,d2,SPOT,30min,6754,0,3.002796538,0,2.867360839,0,non-transmissible,Non-transmissible,,,0,A
14,WA239,H5N1,2.3.4.4b,D1.1,d2,SPOT,30min,6756,0,3.26540446,0.16185082,3.173732373,0,non-transmissible,Non-transmissible,,,0,A
15,WA239,H5N1,2.3.4.4b,D1.1,d2,SPOT,30min,6758,0.830857539,4.421127122,0.94000207,4.16131957,0,non-transmissible,Non-transmissible,,,0,A
16,WA239,H5N1,2.3.4.4b,D1.1,d2,NIOSH,30min,6754,0.115393419,3.916384468,-0.185636577,3.746547254,0,non-transmissible,Non-transmissible,,,0,A
17,WA239,H5N1,2.3.4.4b,D1.1,d2,NIOSH,30min,6756,0,3.439222709,0.416423414,3.750648824,0,non-transmissible,Non-transmissible,,,0,A
18,WA239,H5N1,2.3.4.4b,D1.1,d2,NIOSH,30min,6758,0.115393419,3.047391843,0.554726113,3.582787104,0,non-transmissible,Non-transmissible,,,0,A
19,WA239,H5N1,2.3.4.4b,D1.1,d2,NIOSH,30min,6754,0,2.982572416,-0.185636577,3.746547254,0,non-transmissible,Non-transmissible,,,0,A
20,WA239,H5N1,2.3.4.4b,D1.1,d2,NIOSH,30min,6756,0,3.811230136,0.416423414,3.750648824,0,non-transmissible,Non-transmissible,,,0,A
21,WA239,H5N1,2.3.4.4b,D1.1,d2,NIOSH,30min,6758,0.115393419,2.861227805,0.554726113,3.582787104,0,non-transmissible,Non-transmissible,,,0,A
22,WA239,H5N1,2.3.4.4b,D1.1,d2,NW,,6754,5.243038049,8.341628646,5.561697533,8.796132494,0,non-transmissible,Non-transmissible,,,0,A
23,WA239,H5N1,2.3.4.4b,D1.1,d2,NW,,6756,4.322219295,7.791891899,4.938269483,8.606817791,0,non-transmissible,Non-transmissible,,,0,A
24,WA239,H5N1,2.3.4.4b,D1.1,d2,NW,,6758,3.84509804,7.958996327,5.494154594,8.629997498,0,non-transmissible,Non-transmissible,,,0,A
25,WA239,H5N1,2.3.4.4b,D1.1,d3,SPOT,30min,6754,0,0,0,2.867360839,0,non-transmissible,Non-transmissible,,,0,A
26,WA239,H5N1,2.3.4.4b,D1.1,d3,SPOT,30min,6756,0.529827543,2.807340221,0.16185082,3.173732373,0,non-transmissible,Non-transmissible,,,0,A
27,WA239,H5N1,2.3.4.4b,D1.1,d3,SPOT,30min,6758,1.307978794,4.154332661,0.94000207,4.16131957,0,non-transmissible,Non-transmissible,,,0,A
28,WA239,H5N1,2.3.4.4b,D1.1,d3,NIOSH,30min,6754,0,2.94904039,-0.185636577,3.746547254,0,non-transmissible,Non-transmissible,,,0,A
29,WA239,H5N1,2.3.4.4b,D1.1,d3,NIOSH,30min,6756,0,3.077296174,0.416423414,3.750648824,0,non-transmissible,Non-transmissible,,,0,A
30,WA239,H5N1,2.3.4.4b,D1.1,d3,NIOSH,30min,6758,0,3.310198861,0.554726113,3.582787104,0,non-transmissible,Non-transmissible,,,0,A
31,WA239,H5N1,2.3.4.4b,D1.1,d3,NIOSH,30min,6754,0,3.172027693,-0.185636577,3.746547254,0,non-transmissible,Non-transmissible,,,0,A
32,WA239,H5N1,2.3.4.4b,D1.1,d3,NIOSH,30min,6756,0.592514673,3.250667675,0.416423414,3.750648824,0,non-transmissible,Non-transmissible,,,0,A
33,WA239,H5N1,2.3.4.4b,D1.1,d3,NIOSH,30min,6758,0.416423414,3.521576885,0.554726113,3.582787104,0,non-transmissible,Non-transmissible,,,0,A
34,WA239,H5N1,2.3.4.4b,D1.1,d3,NW,,6754,5.556302501,8.902756407,5.561697533,8.796132494,0,non-transmissible,Non-transmissible,,,0,A
35,WA239,H5N1,2.3.4.4b,D1.1,d3,NW,,6756,5.041392685,8.820180369,4.938269483,8.606817791,0,non-transmissible,Non-transmissible,,,0,A
36,WA239,H5N1,2.3.4.4b,D1.1,d3,NW,,6758,5.77815125,8.817880397,5.494154594,8.629997498,0,non-transmissible,Non-transmissible,,,0,A
37,WA239,H5N1,2.3.4.4b,D1.1,d5,SPOT,30min,6754,0.529827543,3.492338121,0,2.867360839,0,non-transmissible,Non-transmissible,,,0,A
38,WA239,H5N1,2.3.4.4b,D1.1,d5,SPOT,30min,6756,0.529827543,3.708742116,0.16185082,3.173732373,0,non-transmissible,Non-transmissible,,,0,A
39,WA239,H5N1,2.3.4.4b,D1.1,d5,SPOT,30min,6758,0.529827543,3.590994111,0.94000207,4.16131957,0,non-transmissible,Non-transmissible,,,0,A
40,WA239,H5N1,2.3.4.4b,D1.1,d5,NIOSH,30min,6754,0,3.523441645,-0.185636577,3.746547254,0,non-transmissible,Non-transmissible,,,0,A
41,WA239,H5N1,2.3.4.4b,D1.1,d5,NIOSH,30min,6756,0,4.314525686,0.416423414,3.750648824,0,non-transmissible,Non-transmissible,,,0,A
42,WA239,H5N1,2.3.4.4b,D1.1,d5,NIOSH,30min,6758,0.115393419,3.811597827,0.554726113,3.582787104,0,non-transmissible,Non-transmissible,,,0,A
43,WA239,H5N1,2.3.4.4b,D1.1,d5,NIOSH,30min,6754,0,3.868925922,-0.185636577,3.746547254,0,non-transmissible,Non-transmissible,,,0,A
44,WA239,H5N1,2.3.4.4b,D1.1,d5,NIOSH,30min,6756,0,3.676672117,0.416423414,3.750648824,0,non-transmissible,Non-transmissible,,,0,A
45,WA239,H5N1,2.3.4.4b,D1.1,d5,NIOSH,30min,6758,0,3.242507886,0.554726113,3.582787104,0,non-transmissible,Non-transmissible,,,0,A
46,WA239,H5N1,2.3.4.4b,D1.1,d5,NW,,6754,5.190331698,7.825019528,5.561697533,8.796132494,0,non-transmissible,Non-transmissible,,,0,A
47,WA239,H5N1,2.3.4.4b,D1.1,d5,NW,,6756,4.301029996,9.1867174,4.938269483,8.606817791,0,non-transmissible,Non-transmissible,,,0,A
48,WA239,H5N1,2.3.4.4b,D1.1,d5,NW,,6758,4.146128036,7.837970451,5.494154594,8.629997498,0,non-transmissible,Non-transmissible,,,0,A
49,CA147,H5N1,2.3.4.4b,B3.13,d1,SPOT,30min,6762,1.307978794,4.070013405,0.705918864,4.210105539,0,non-transmissible,Non-transmissible,,,0,A
50,CA147,H5N1,2.3.4.4b,B3.13,d1,SPOT,30min,6763,0.529827543,0,-0.139179176,2.495052975,0,non-transmissible,Non-transmissible,,,0,A
51,CA147,H5N1,2.3.4.4b,B3.13,d1,SPOT,30min,6764,1.830857539,3.665258908,1.392299741,5.928907091,0,non-transmissible,Non-transmissible,,,0,A
52,CA147,H5N1,2.3.4.4b,B3.13,d1,NIOSH,30min,6762,1.261521454,4.081243486,0.911273436,4.277248748,0,non-transmissible,Non-transmissible,,,0,A
53,CA147,H5N1,2.3.4.4b,B3.13,d1,NIOSH,30min,6763,0.115393419,3.864640119,2.23924506,5.562306985,0,non-transmissible,Non-transmissible,,,0,A
54,CA147,H5N1,2.3.4.4b,B3.13,d1,NIOSH,30min,6764,1.546757183,4.710557416,1.069635928,4.574933688,0,non-transmissible,Non-transmissible,,,0,A
55,CA147,H5N1,2.3.4.4b,B3.13,d1,NIOSH,30min,6762,0.592514673,3.200429763,0.911273436,4.277248748,0,non-transmissible,Non-transmissible,,,0,A
56,CA147,H5N1,2.3.4.4b,B3.13,d1,NIOSH,30min,6763,0.960491459,3.761348645,2.23924506,5.562306985,0,non-transmissible,Non-transmissible,,,0,A
57,CA147,H5N1,2.3.4.4b,B3.13,d1,NIOSH,30min,6764,0.115393419,4.279551077,1.069635928,4.574933688,0,non-transmissible,Non-transmissible,,,0,A
58,CA147,H5N1,2.3.4.4b,B3.13,d1,NW,,6762,6,8.429331901,6.550228353,9.283572264,0,non-transmissible,Non-transmissible,,,0,A
59,CA147,H5N1,2.3.4.4b,B3.13,d1,NW,,6763,6,8.926681762,8.01494035,9.759766348,0,non-transmissible,Non-transmissible,,,0,A
60,CA147,H5N1,2.3.4.4b,B3.13,d1,NW,,6764,6.431363764,8.564859915,7.226599905,9.769077568,0,non-transmissible,Non-transmissible,,,0,A
61,CA147,H5N1,2.3.4.4b,B3.13,d2,SPOT,30min,6762,0,0,0.705918864,4.210105539,0,non-transmissible,Non-transmissible,,,0,A
62,CA147,H5N1,2.3.4.4b,B3.13,d2,SPOT,30min,6763,0,0,-0.139179176,2.495052975,0,non-transmissible,Non-transmissible,,,0,A
63,CA147,H5N1,2.3.4.4b,B3.13,d2,SPOT,30min,6764,1.374925583,6.295149787,1.392299741,5.928907091,0,non-transmissible,Non-transmissible,,,0,A
64,CA147,H5N1,2.3.4.4b,B3.13,d2,NIOSH,30min,6762,0,3.334568659,0.911273436,4.277248748,0,non-transmissible,Non-transmissible,,,0,A
65,CA147,H5N1,2.3.4.4b,B3.13,d2,NIOSH,30min,6763,0.115393419,4.362963159,2.23924506,5.562306985,0,non-transmissible,Non-transmissible,,,0,A
66,CA147,H5N1,2.3.4.4b,B3.13,d2,NIOSH,30min,6764,0,3.561982749,1.069635928,4.574933688,0,non-transmissible,Non-transmissible,,,0,A
67,CA147,H5N1,2.3.4.4b,B3.13,d2,NIOSH,30min,6762,0.115393419,4.064377746,0.911273436,4.277248748,0,non-transmissible,Non-transmissible,,,0,A
68,CA147,H5N1,2.3.4.4b,B3.13,d2,NIOSH,30min,6763,2.521933599,5.842378696,2.23924506,5.562306985,0,non-transmissible,Non-transmissible,,,0,A
69,CA147,H5N1,2.3.4.4b,B3.13,d2,NIOSH,30min,6764,0,3.400925244,1.069635928,4.574933688,0,non-transmissible,Non-transmissible,,,0,A
70,CA147,H5N1,2.3.4.4b,B3.13,d2,NW,,6762,6.431363764,9.069029696,6.550228353,9.283572264,0,non-transmissible,Non-transmissible,,,0,A
71,CA147,H5N1,2.3.4.4b,B3.13,d2,NW,,6763,8,9.422016726,8.01494035,9.759766348,0,non-transmissible,Non-transmissible,,,0,A
72,CA147,H5N1,2.3.4.4b,B3.13,d2,NW,,6764,7.113943352,9.653130959,7.226599905,9.769077568,0,non-transmissible,Non-transmissible,,,0,A
73,CA147,H5N1,2.3.4.4b,B3.13,d3,SPOT,30min,6762,0.529827543,4.805864431,0.705918864,4.210105539,0,non-transmissible,Non-transmissible,,,0,A
74,CA147,H5N1,2.3.4.4b,B3.13,d3,SPOT,30min,6763,0,2.863029698,-0.139179176,2.495052975,0,non-transmissible,Non-transmissible,,,0,A
75,CA147,H5N1,2.3.4.4b,B3.13,d3,SPOT,30min,6764,0,4.047708019,1.392299741,5.928907091,0,non-transmissible,Non-transmissible,,,0,A
76,CA147,H5N1,2.3.4.4b,B3.13,d3,NIOSH,30min,6762,0.893544669,4.295555994,0.911273436,4.277248748,0,non-transmissible,Non-transmissible,,,0,A
77,CA147,H5N1,2.3.4.4b,B3.13,d3,NIOSH,30min,6763,0.71745341,3.768266369,2.23924506,5.562306985,0,non-transmissible,Non-transmissible,,,0,A
78,CA147,H5N1,2.3.4.4b,B3.13,d3,NIOSH,30min,6764,0.416423414,4.281765212,1.069635928,4.574933688,0,non-transmissible,Non-transmissible,,,0,A
79,CA147,H5N1,2.3.4.4b,B3.13,d3,NIOSH,30min,6762,0,4.171058569,0.911273436,4.277248748,0,non-transmissible,Non-transmissible,,,0,A
80,CA147,H5N1,2.3.4.4b,B3.13,d3,NIOSH,30min,6763,1.018483406,3.567700511,2.23924506,5.562306985,0,non-transmissible,Non-transmissible,,,0,A
81,CA147,H5N1,2.3.4.4b,B3.13,d3,NIOSH,30min,6764,0.893544669,4.685415601,1.069635928,4.574933688,0,non-transmissible,Non-transmissible,,,0,A
82,CA147,H5N1,2.3.4.4b,B3.13,d3,NW,,6762,5.84509804,9.089589494,6.550228353,9.283572264,0,non-transmissible,Non-transmissible,,,0,A
83,CA147,H5N1,2.3.4.4b,B3.13,d3,NW,,6763,6.77815125,9.730211013,8.01494035,9.759766348,0,non-transmissible,Non-transmissible,,,0,A
84,CA147,H5N1,2.3.4.4b,B3.13,d3,NW,,6764,6.698970004,9.377745405,7.226599905,9.769077568,0,non-transmissible,Non-transmissible,,,0,A
85,CA147,H5N1,2.3.4.4b,B3.13,d5,SPOT,30min,6763,0,0,-0.139179176,2.495052975,0,non-transmissible,Non-transmissible,,,0,A
86,CA147,H5N1,2.3.4.4b,B3.13,d5,NIOSH,30min,6763,1.620543397,4.597838943,2.23924506,5.562306985,0,non-transmissible,Non-transmissible,,,0,A
87,CA147,H5N1,2.3.4.4b,B3.13,d5,NIOSH,30min,6763,0.893544669,4.550535421,2.23924506,5.562306985,0,non-transmissible,Non-transmissible,,,0,A
88,CA147,H5N1,2.3.4.4b,B3.13,d5,NW,,6763,6.579783597,9.264276841,8.01494035,9.759766348,0,non-transmissible,Non-transmissible,,,0,A
89,BC,H5N1,2.3.4.4b,D1.1,d1,SPOT,30min,6759,1.529827543,3.178212483,0.860820824,2.509205764,0,non-transmissible,Non-transmissible,,,0,A
90,BC,H5N1,2.3.4.4b,D1.1,d1,SPOT,30min,6760,1.131887535,0,0.462880816,2.843277589,0,non-transmissible,Non-transmissible,,,0,A
91,BC,H5N1,2.3.4.4b,D1.1,d1,SPOT,30min,6761,0,0,-0.139179176,0,0,non-transmissible,Non-transmissible,,,0,A
92,BC,H5N1,2.3.4.4b,D1.1,d1,NIOSH,30min,6759,0.416423414,3.021134103,-0.185636577,2.835300056,0,non-transmissible,Non-transmissible,,,0,A
93,BC,H5N1,2.3.4.4b,D1.1,d1,NIOSH,30min,6759,0,0,-0.185636577,2.835300056,0,non-transmissible,Non-transmissible,,,0,A
94,BC,H5N1,2.3.4.4b,D1.1,d1,NIOSH,30min,6760,0.592514673,2.883788666,1.044812344,3.53424408,0,non-transmissible,Non-transmissible,,,0,A
95,BC,H5N1,2.3.4.4b,D1.1,d1,NIOSH,30min,6760,0.115393419,0,1.044812344,3.53424408,0,non-transmissible,Non-transmissible,,,0,A
96,BC,H5N1,2.3.4.4b,D1.1,d1,NIOSH,30min,6761,0.416423414,2.517383074,0.212303432,2.92114102,0,non-transmissible,Non-transmissible,,,0,A
97,BC,H5N1,2.3.4.4b,D1.1,d1,NIOSH,30min,6761,0,0,0.212303432,2.92114102,0,non-transmissible,Non-transmissible,,,0,A
98,BC,H5N1,2.3.4.4b,D1.1,d1,NW,,6759,5.698970004,7.5018531,6.648360011,8.939200246,0,non-transmissible,Non-transmissible,,,0,A
99,BC,H5N1,2.3.4.4b,D1.1,d1,NW,,6760,6.342422681,7.801397273,6.991226076,9.059594212,0,non-transmissible,Non-transmissible,,,0,A
100,BC,H5N1,2.3.4.4b,D1.1,d1,NW,,6761,5.380211242,6.847668769,6.609594409,8.635116324,0,non-transmissible,Non-transmissible,,,0,A
101,BC,H5N1,2.3.4.4b,D1.1,d2,SPOT,30min,6759,0,0,0.860820824,2.509205764,0,non-transmissible,Non-transmissible,,,0,A
102,BC,H5N1,2.3.4.4b,D1.1,d2,SPOT,30min,6760,0,0,0.462880816,2.843277589,0,non-transmissible,Non-transmissible,,,0,A
103,BC,H5N1,2.3.4.4b,D1.1,d2,SPOT,30min,6761,0,0,-0.139179176,0,0,non-transmissible,Non-transmissible,,,0,A
104,BC,H5N1,2.3.4.4b,D1.1,d2,NIOSH,30min,6759,0,2.926257729,-0.185636577,2.835300056,0,non-transmissible,Non-transmissible,,,0,A
105,BC,H5N1,2.3.4.4b,D1.1,d2,NIOSH,30min,6759,0,0,-0.185636577,2.835300056,0,non-transmissible,Non-transmissible,,,0,A
106,BC,H5N1,2.3.4.4b,D1.1,d2,NIOSH,30min,6760,0.893544669,2.924701914,1.044812344,3.53424408,0,non-transmissible,Non-transmissible,,,0,A
107,BC,H5N1,2.3.4.4b,D1.1,d2,NIOSH,30min,6760,0,3.238589479,1.044812344,3.53424408,0,non-transmissible,Non-transmissible,,,0,A
108,BC,H5N1,2.3.4.4b,D1.1,d2,NIOSH,30min,6761,0,0,0.212303432,2.92114102,0,non-transmissible,Non-transmissible,,,0,A
109,BC,H5N1,2.3.4.4b,D1.1,d2,NIOSH,30min,6761,0,0,0.212303432,2.92114102,0,non-transmissible,Non-transmissible,,,0,A
110,BC,H5N1,2.3.4.4b,D1.1,d2,NW,,6759,6.568201724,8.799120588,6.648360011,8.939200246,0,non-transmissible,Non-transmissible,,,0,A
111,BC,H5N1,2.3.4.4b,D1.1,d2,NW,,6760,6.568201724,8.787102469,6.991226076,9.059594212,0,non-transmissible,Non-transmissible,,,0,A
112,BC,H5N1,2.3.4.4b,D1.1,d2,NW,,6761,6.447158031,8.398040177,6.609594409,8.635116324,0,non-transmissible,Non-transmissible,,,0,A
113,BC,H5N1,2.3.4.4b,D1.1,d3,SPOT,30min,6759,0,0,0.860820824,2.509205764,0,non-transmissible,Non-transmissible,,,0,A
114,BC,H5N1,2.3.4.4b,D1.1,d3,SPOT,30min,6760,0,3.512284307,0.462880816,2.843277589,0,non-transmissible,Non-transmissible,,,0,A
115,BC,H5N1,2.3.4.4b,D1.1,d3,SPOT,30min,6761,0.529827543,0,-0.139179176,0,0,non-transmissible,Non-transmissible,,,0,A
116,BC,H5N1,2.3.4.4b,D1.1,d3,NIOSH,30min,6759,0,0,-0.185636577,2.835300056,0,non-transmissible,Non-transmissible,,,0,A
117,BC,H5N1,2.3.4.4b,D1.1,d3,NIOSH,30min,6759,0,0,-0.185636577,2.835300056,0,non-transmissible,Non-transmissible,,,0,A
118,BC,H5N1,2.3.4.4b,D1.1,d3,NIOSH,30min,6760,1.018483406,3.760274955,1.044812344,3.53424408,0,non-transmissible,Non-transmissible,,,0,A
119,BC,H5N1,2.3.4.4b,D1.1,d3,NIOSH,30min,6760,1.115393419,3.304842068,1.044812344,3.53424408,0,non-transmissible,Non-transmissible,,,0,A
120,BC,H5N1,2.3.4.4b,D1.1,d3,NIOSH,30min,6761,0.592514673,3.478085173,0.212303432,2.92114102,0,non-transmissible,Non-transmissible,,,0,A
121,BC,H5N1,2.3.4.4b,D1.1,d3,NIOSH,30min,6761,0,0,0.212303432,2.92114102,0,non-transmissible,Non-transmissible,,,0,A
122,BC,H5N1,2.3.4.4b,D1.1,d3,NW,,6759,6,8.650892383,6.648360011,8.939200246,0,non-transmissible,Non-transmissible,,,0,A
123,BC,H5N1,2.3.4.4b,D1.1,d3,NW,,6760,7,9.002543508,6.991226076,9.059594212,0,non-transmissible,Non-transmissible,,,0,A
124,BC,H5N1,2.3.4.4b,D1.1,d3,NW,,6761,6.361727836,8.55158716,6.609594409,8.635116324,0,non-transmissible,Non-transmissible,,,0,A
125,BC,H5N1,2.3.4.4b,D1.1,d5,SPOT,30min,6760,0,3.689157213,0.462880816,2.843277589,0,non-transmissible,Non-transmissible,,,0,A
126,BC,H5N1,2.3.4.4b,D1.1,d5,SPOT,30min,6761,0,0,-0.139179176,0,0,non-transmissible,Non-transmissible,,,0,A
127,BC,H5N1,2.3.4.4b,D1.1,d5,NIOSH,30min,6760,0.903089987,3.773568755,1.044812344,3.53424408,0,non-transmissible,Non-transmissible,,,0,A
128,BC,H5N1,2.3.4.4b,D1.1,d5,NIOSH,30min,6760,0.124938737,3.639406409,1.044812344,3.53424408,0,non-transmissible,Non-transmissible,,,0,A
129,BC,H5N1,2.3.4.4b,D1.1,d5,NIOSH,30min,6761,0,2.790003978,0.212303432,2.92114102,0,non-transmissible,Non-transmissible,,,0,A
130,BC,H5N1,2.3.4.4b,D1.1,d5,NIOSH,30min,6761,0,0,0.212303432,2.92114102,0,non-transmissible,Non-transmissible,,,0,A
131,BC,H5N1,2.3.4.4b,D1.1,d5,NW,,6760,6,8.309011883,6.991226076,9.059594212,0,non-transmissible,Non-transmissible,,,0,A
132,BC,H5N1,2.3.4.4b,D1.1,d5,NW,,6761,6.431363764,8.68604708,6.609594409,8.635116324,0,non-transmissible,Non-transmissible,,,0,A
133,VN1203,H5N1,1,1,d1,SPOT,30min,6755,0,3.74504457,0,3.260645958,0,non-transmissible,Non-transmissible,,,0,A
134,VN1203,H5N1,1,1,d1,SPOT,30min,6757,0.529827543,2.920824046,-0.139179176,2.920031505,0,non-transmissible,Non-transmissible,,,0,A
135,VN1203,H5N1,1,1,d1,SPOT,30min,6759,0.529827543,3.57339731,-0.139179176,3.103225189,0,non-transmissible,Non-transmissible,,,0,A
136,VN1203,H5N1,1,1,d1,NIOSH,30min,6755,0,3.68661421,0,3.538128607,0,non-transmissible,Non-transmissible,,,0,A
137,VN1203,H5N1,1,1,d1,NIOSH,30min,6755,0,2.97573865,0,3.538128607,0,non-transmissible,Non-transmissible,,,0,A
138,VN1203,H5N1,1,1,d1,NIOSH,30min,6757,0.960491459,3.555648309,0.416423414,3.780604207,0,non-transmissible,Non-transmissible,,,0,A
139,VN1203,H5N1,1,1,d1,NIOSH,30min,6757,0.115393419,3.143774814,0.416423414,3.780604207,0,non-transmissible,Non-transmissible,,,0,A
140,VN1203,H5N1,1,1,d1,NIOSH,30min,6759,0.416423414,3.896422502,0.212303432,3.610866489,0,non-transmissible,Non-transmissible,,,0,A
141,VN1203,H5N1,1,1,d1,NIOSH,30min,6759,0.592514673,3.154126936,0.212303432,3.610866489,0,non-transmissible,Non-transmissible,,,0,A
142,VN1203,H5N1,1,1,d1,NW,,6755,4.954242509,7.147464722,5.290034611,8.515912491,0,non-transmissible,Non-transmissible,,,0,A
143,VN1203,H5N1,1,1,d1,NW,,6757,5.633468456,7.913998139,5.667452953,8.753326663,0,non-transmissible,Non-transmissible,,,0,A
144,VN1203,H5N1,1,1,d1,NW,,6759,4.903089987,7.553038462,5.439332694,8.772390658,0,non-transmissible,Non-transmissible,,,0,A
145,VN1203,H5N1,1,1,d2,SPOT,30min,6755,0,2.988642176,0,3.260645958,0,non-transmissible,Non-transmissible,,,0,A
146,VN1203,H5N1,1,1,d2,SPOT,30min,6757,0,3.056333172,-0.139179176,2.920031505,0,non-transmissible,Non-transmissible,,,0,A
147,VN1203,H5N1,1,1,d2,SPOT,30min,6759,0,2.831085297,-0.139179176,3.103225189,0,non-transmissible,Non-transmissible,,,0,A
148,VN1203,H5N1,1,1,d2,NIOSH,30min,6755,0,3.236053956,0,3.538128607,0,non-transmissible,Non-transmissible,,,0,A
149,VN1203,H5N1,1,1,d2,NIOSH,30min,6755,0,2.922155653,0,3.538128607,0,non-transmissible,Non-transmissible,,,0,A
150,VN1203,H5N1,1,1,d2,NIOSH,30min,6757,0,3.710993546,0.416423414,3.780604207,0,non-transmissible,Non-transmissible,,,0,A
151,VN1203,H5N1,1,1,d2,NIOSH,30min,6757,0,3.329443214,0.416423414,3.780604207,0,non-transmissible,Non-transmissible,,,0,A
152,VN1203,H5N1,1,1,d2,NIOSH,30min,6759,0,3.256864746,0.212303432,3.610866489,0,non-transmissible,Non-transmissible,,,0,A
153,VN1203,H5N1,1,1,d2,NIOSH,30min,6759,0,3.049053684,0.212303432,3.610866489,0,non-transmissible,Non-transmissible,,,0,A
154,VN1203,H5N1,1,1,d2,NW,,6755,5,8.322720745,5.290034611,8.515912491,0,non-transmissible,Non-transmissible,,,0,A
155,VN1203,H5N1,1,1,d2,NW,,6757,5.204119983,8.564794864,5.667452953,8.753326663,0,non-transmissible,Non-transmissible,,,0,A
156,VN1203,H5N1,1,1,d2,NW,,6759,5.204119983,8.585302648,5.439332694,8.772390658,0,non-transmissible,Non-transmissible,,,0,A
157,VN1203,H5N1,1,1,d3,SPOT,30min,6755,0,2.99851643,0,3.260645958,0,non-transmissible,Non-transmissible,,,0,A
158,VN1203,H5N1,1,1,d3,SPOT,30min,6757,0,2.887336548,-0.139179176,2.920031505,0,non-transmissible,Non-transmissible,,,0,A
159,VN1203,H5N1,1,1,d3,SPOT,30min,6759,0,2.913123126,-0.139179176,3.103225189,0,non-transmissible,Non-transmissible,,,0,A
160,VN1203,H5N1,1,1,d3,NIOSH,30min,6755,0,2.914447663,0,3.538128607,0,non-transmissible,Non-transmissible,,,0,A
161,VN1203,H5N1,1,1,d3,NIOSH,30min,6755,0,3.315392935,0,3.538128607,0,non-transmissible,Non-transmissible,,,0,A
162,VN1203,H5N1,1,1,d3,NIOSH,30min,6757,0,3.417836211,0.416423414,3.780604207,0,non-transmissible,Non-transmissible,,,0,A
163,VN1203,H5N1,1,1,d3,NIOSH,30min,6757,0,3.296788269,0.416423414,3.780604207,0,non-transmissible,Non-transmissible,,,0,A
164,VN1203,H5N1,1,1,d3,NIOSH,30min,6759,0,3.068644844,0.212303432,3.610866489,0,non-transmissible,Non-transmissible,,,0,A
165,VN1203,H5N1,1,1,d3,NIOSH,30min,6759,0,0,0.212303432,3.610866489,0,non-transmissible,Non-transmissible,,,0,A
166,VN1203,H5N1,1,1,d3,NW,,6755,5,8.345432542,5.290034611,8.515912491,0,non-transmissible,Non-transmissible,,,0,A
167,VN1203,H5N1,1,1,d3,NW,,6757,5.255272505,8.501166379,5.667452953,8.753326663,0,non-transmissible,Non-transmissible,,,0,A
168,VN1203,H5N1,1,1,d3,NW,,6759,5.176091259,8.57833862,5.439332694,8.772390658,0,non-transmissible,Non-transmissible,,,0,A
169,VN1203,H5N1,1,1,d5,SPOT,30min,6755,0,0,0,3.260645958,0,non-transmissible,Non-transmissible,,,0,A
170,VN1203,H5N1,1,1,d5,SPOT,30min,6757,0,0,-0.139179176,2.920031505,0,non-transmissible,Non-transmissible,,,0,A
171,VN1203,H5N1,1,1,d5,SPOT,30min,6759,0,0,-0.139179176,3.103225189,0,non-transmissible,Non-transmissible,,,0,A
172,VN1203,H5N1,1,1,d5,NIOSH,30min,6755,1.115393419,3.883611603,0,3.538128607,0,non-transmissible,Non-transmissible,,,0,A
173,VN1203,H5N1,1,1,d5,NIOSH,30min,6755,1.4578161,3.566417982,0,3.538128607,0,non-transmissible,Non-transmissible,,,0,A
174,VN1203,H5N1,1,1,d5,NIOSH,30min,6757,1.49560466,4.064718934,0.416423414,3.780604207,0,non-transmissible,Non-transmissible,,,0,A
175,VN1203,H5N1,1,1,d5,NIOSH,30min,6757,1.4578161,3.624301027,0.416423414,3.780604207,0,non-transmissible,Non-transmissible,,,0,A
176,VN1203,H5N1,1,1,d5,NIOSH,30min,6759,1.194574665,3.40359844,0.212303432,3.610866489,0,non-transmissible,Non-transmissible,,,0,A
177,VN1203,H5N1,1,1,d5,NIOSH,30min,6759,0.814363423,3.378274486,0.212303432,3.610866489,0,non-transmissible,Non-transmissible,,,0,A
178,VN1203,H5N1,1,1,d5,NW,,6755,5.698970004,8.907243863,5.290034611,8.515912491,0,non-transmissible,Non-transmissible,,,0,A
179,VN1203,H5N1,1,1,d5,NW,,6757,5.812913357,8.460975259,5.667452953,8.753326663,0,non-transmissible,Non-transmissible,,,0,A
180,VN1203,H5N1,1,1,d5,NW,,6759,5.204119983,8.57406776,5.439332694,8.772390658,0,non-transmissible,Non-transmissible,,,0,A
181,MI90,H5N1,2.3.4.4b,B3.13,d1,SPOT,30min,6742,0,0,0.974764177,3.785774208,0.5,transmissible,Low-transmissible,,,0,A
182,MI90,H5N1,2.3.4.4b,B3.13,d1,SPOT,30min,6763,0.529827543,3.07395187,0.16185082,2.570985556,0.5,transmissible,Low-transmissible,,,0,A
183,MI90,H5N1,2.3.4.4b,B3.13,d1,SPOT,30min,6764,0,0,-0.139179176,2.308082829,0.5,transmissible,Low-transmissible,,,0,A
184,MI90,H5N1,2.3.4.4b,B3.13,d1,NIOSH,30min,6742,2.305725117,5.009385628,2.046087806,4.825596199,0.5,transmissible,Low-transmissible,,,0,A
185,MI90,H5N1,2.3.4.4b,B3.13,d1,NIOSH,30min,6742,0.592514673,0,2.046087806,4.825596199,0.5,transmissible,Low-transmissible,,,0,A
186,MI90,H5N1,2.3.4.4b,B3.13,d1,NIOSH,30min,6763,1.261521454,3.406461362,1.847787179,4.41098844,0.5,transmissible,Low-transmissible,,,0,A
187,MI90,H5N1,2.3.4.4b,B3.13,d1,NIOSH,30min,6763,0,2.450841494,1.847787179,4.41098844,0.5,transmissible,Low-transmissible,,,0,A
188,MI90,H5N1,2.3.4.4b,B3.13,d1,NIOSH,30min,6764,1.513333427,3.570839265,1.859686402,4.356157172,0.5,transmissible,Low-transmissible,,,0,A
189,MI90,H5N1,2.3.4.4b,B3.13,d1,NIOSH,30min,6764,0.115393419,2.705084275,1.859686402,4.356157172,0.5,transmissible,Low-transmissible,,,0,A
190,MI90,H5N1,2.3.4.4b,B3.13,d1,NW,,6742,4.77815125,6.823692518,6.481442629,8.798855706,0.5,transmissible,Low-transmissible,,,0,A
191,MI90,H5N1,2.3.4.4b,B3.13,d1,NW,,6763,4.301029996,5.841663702,6.133538908,8.747232663,0.5,transmissible,Low-transmissible,,,0,A
192,MI90,H5N1,2.3.4.4b,B3.13,d1,NW,,6764,4.698970004,5.986152133,5.531478917,8.285317888,0.5,transmissible,Low-transmissible,,,0,A
193,MI90,H5N1,2.3.4.4b,B3.13,d2,SPOT,30min,6742,1.228797548,3.491682904,0.974764177,3.785774208,0.5,transmissible,Low-transmissible,,,0,A
194,MI90,H5N1,2.3.4.4b,B3.13,d2,SPOT,30min,6763,0,0,0.16185082,2.570985556,0.5,transmissible,Low-transmissible,,,0,A
195,MI90,H5N1,2.3.4.4b,B3.13,d2,SPOT,30min,6764,0,0,-0.139179176,2.308082829,0.5,transmissible,Low-transmissible,,,0,A
196,MI90,H5N1,2.3.4.4b,B3.13,d2,NIOSH,30min,6742,1.530366767,4.616004225,2.046087806,4.825596199,0.5,transmissible,Low-transmissible,,,0,A
197,MI90,H5N1,2.3.4.4b,B3.13,d2,NIOSH,30min,6742,0.71745341,3.77698256,2.046087806,4.825596199,0.5,transmissible,Low-transmissible,,,0,A
198,MI90,H5N1,2.3.4.4b,B3.13,d2,NIOSH,30min,6763,2.083876367,4.604994464,1.847787179,4.41098844,0.5,transmissible,Low-transmissible,,,0,A
199,MI90,H5N1,2.3.4.4b,B3.13,d2,NIOSH,30min,6763,0.115393419,3.727658836,1.847787179,4.41098844,0.5,transmissible,Low-transmissible,,,0,A
200,MI90,H5N1,2.3.4.4b,B3.13,d2,NIOSH,30min,6764,1.871268274,4.400961883,1.859686402,4.356157172,0.5,transmissible,Low-transmissible,,,0,A
201,MI90,H5N1,2.3.4.4b,B3.13,d2,NIOSH,30min,6764,1.194574665,3.549773038,1.859686402,4.356157172,0.5,transmissible,Low-transmissible,,,0,A
202,MI90,H5N1,2.3.4.4b,B3.13,d2,NW,,6742,5.698970004,8.416527047,6.481442629,8.798855706,0.5,transmissible,Low-transmissible,,,0,A
203,MI90,H5N1,2.3.4.4b,B3.13,d2,NW,,6763,6,8.351751582,6.133538908,8.747232663,0.5,transmissible,Low-transmissible,,,0,A
204,MI90,H5N1,2.3.4.4b,B3.13,d2,NW,,6764,5,8.0696918,5.531478917,8.285317888,0.5,transmissible,Low-transmissible,,,0,A
205,MI90,H5N1,2.3.4.4b,B3.13,d3,SPOT,30min,6742,1.006948798,4.404722754,0.974764177,3.785774208,0.5,transmissible,Low-transmissible,,,0,A
206,MI90,H5N1,2.3.4.4b,B3.13,d3,SPOT,30min,6763,0.529827543,2.74204337,0.16185082,2.570985556,0.5,transmissible,Low-transmissible,,,0,A
207,MI90,H5N1,2.3.4.4b,B3.13,d3,SPOT,30min,6764,0.529827543,2.977089548,-0.139179176,2.308082829,0.5,transmissible,Low-transmissible,,,0,A
208,MI90,H5N1,2.3.4.4b,B3.13,d3,NIOSH,30min,6742,2.132426758,3.880185042,2.046087806,4.825596199,0.5,transmissible,Low-transmissible,,,0,A
209,MI90,H5N1,2.3.4.4b,B3.13,d3,NIOSH,30min,6742,1.39414702,4.801767967,2.046087806,4.825596199,0.5,transmissible,Low-transmissible,,,0,A
210,MI90,H5N1,2.3.4.4b,B3.13,d3,NIOSH,30min,6763,1.229336771,3.927040571,1.847787179,4.41098844,0.5,transmissible,Low-transmissible,,,0,A
211,MI90,H5N1,2.3.4.4b,B3.13,d3,NIOSH,30min,6763,0.115393419,2.731855314,1.847787179,4.41098844,0.5,transmissible,Low-transmissible,,,0,A
212,MI90,H5N1,2.3.4.4b,B3.13,d3,NIOSH,30min,6764,1.796634656,4.388550808,1.859686402,4.356157172,0.5,transmissible,Low-transmissible,,,0,A
213,MI90,H5N1,2.3.4.4b,B3.13,d3,NIOSH,30min,6764,1.115393419,3.671250264,1.859686402,4.356157172,0.5,transmissible,Low-transmissible,,,0,A
214,MI90,H5N1,2.3.4.4b,B3.13,d3,NW,,6742,6.698970004,8.863362799,6.481442629,8.798855706,0.5,transmissible,Low-transmissible,,,0,A
215,MI90,H5N1,2.3.4.4b,B3.13,d3,NW,,6763,5.84509804,8.824315096,6.133538908,8.747232663,0.5,transmissible,Low-transmissible,,,0,A
216,MI90,H5N1,2.3.4.4b,B3.13,d3,NW,,6764,5.633468456,8.176108138,5.531478917,8.285317888,0.5,transmissible,Low-transmissible,,,0,A
217,MI90,H5N1,2.3.4.4b,B3.13,d5,SPOT,30min,6742,1.006948798,3.727611308,0.974764177,3.785774208,0.5,transmissible,Low-transmissible,,,0,A
218,MI90,H5N1,2.3.4.4b,B3.13,d5,SPOT,30min,6763,0.529827543,3.599436918,0.16185082,2.570985556,0.5,transmissible,Low-transmissible,,,0,A
219,MI90,H5N1,2.3.4.4b,B3.13,d5,SPOT,30min,6764,0,3.013114082,-0.139179176,2.308082829,0.5,transmissible,Low-transmissible,,,0,A
220,MI90,H5N1,2.3.4.4b,B3.13,d5,NIOSH,30min,6742,1.194574665,3.693345053,2.046087806,4.825596199,0.5,transmissible,Low-transmissible,,,0,A
221,MI90,H5N1,2.3.4.4b,B3.13,d5,NIOSH,30min,6742,0,3.410678687,2.046087806,4.825596199,0.5,transmissible,Low-transmissible,,,0,A
222,MI90,H5N1,2.3.4.4b,B3.13,d5,NIOSH,30min,6763,0.115393419,3.513050329,1.847787179,4.41098844,0.5,transmissible,Low-transmissible,,,0,A
223,MI90,H5N1,2.3.4.4b,B3.13,d5,NIOSH,30min,6763,0.71745341,3.584964273,1.847787179,4.41098844,0.5,transmissible,Low-transmissible,,,0,A
224,MI90,H5N1,2.3.4.4b,B3.13,d5,NIOSH,30min,6764,0.592514673,3.977708388,1.859686402,4.356157172,0.5,transmissible,Low-transmissible,,,0,A
225,MI90,H5N1,2.3.4.4b,B3.13,d5,NIOSH,30min,6764,0.71745341,3.514904147,1.859686402,4.356157172,0.5,transmissible,Low-transmissible,,,0,A
226,MI90,H5N1,2.3.4.4b,B3.13,d5,NW,,6742,5.84509804,8.485079181,6.481442629,8.798855706,0.5,transmissible,Low-transmissible,,,0,A
227,MI90,H5N1,2.3.4.4b,B3.13,d5,NW,,6763,5.041392685,8.051221795,6.133538908,8.747232663,0.5,transmissible,Low-transmissible,,,0,A
228,MI90,H5N1,2.3.4.4b,B3.13,d5,NW,,6764,4.903089987,7.790269952,5.531478917,8.285317888,0.5,transmissible,Low-transmissible,,,0,A
229,AL39,H9N2,H9,H9,d1,SPOT,30min,6856,1.374925583,3.289369459,1.352182518,5.045831326,0.833333333,transmissible,High-transmissible,,,1,D
230,AL39,H9N2,H9,H9,d1,SPOT,30min,6857,1.228797548,3.294552231,1.559790829,5.009547862,0.833333333,transmissible,High-transmissible,,,1,D
231,AL39,H9N2,H9,H9,d1,SPOT,30min,6858,0,0,1.504273501,4.334579113,0.833333333,transmissible,High-transmissible,,,1,D
232,AL39,H9N2,H9,H9,d1,NIOSH,30min,6856,1.847787179,4.239308749,1.845771887,5.795378253,0.833333333,transmissible,High-transmissible,,,1,D
233,AL39,H9N2,H9,H9,d1,NIOSH,30min,6856,1.683595143,4.257231778,1.845771887,5.795378253,0.833333333,transmissible,High-transmissible,,,1,D
234,AL39,H9N2,H9,H9,d1,NIOSH,30min,6857,1.878821412,4.628067966,2.371870625,6.638638109,0.833333333,transmissible,High-transmissible,,,1,D
235,AL39,H9N2,H9,H9,d1,NIOSH,30min,6857,1.796634656,4.493658645,2.371870625,6.638638109,0.833333333,transmissible,High-transmissible,,,1,D
236,AL39,H9N2,H9,H9,d1,NIOSH,30min,6858,1.530366767,4.416955814,2.155797948,6.115620157,0.833333333,transmissible,High-transmissible,,,1,D
237,AL39,H9N2,H9,H9,d1,NIOSH,30min,6858,2.044812344,4.405800287,2.155797948,6.115620157,0.833333333,transmissible,High-transmissible,,,1,D
238,AL39,H9N2,H9,H9,d1,NW,,6856,7.176091259,8.464651184,8.036429266,10.54421877,0.833333333,transmissible,High-transmissible,,,1,D
239,AL39,H9N2,H9,H9,d1,NW,,6857,7.342422681,8.896510941,7.57634135,10.04747355,0.833333333,transmissible,High-transmissible,,,1,D
240,AL39,H9N2,H9,H9,d1,NW,,6858,7.477121255,9.029190574,7.930490565,10.63690889,0.833333333,transmissible,High-transmissible,,,1,D
241,AL39,H9N2,H9,H9,d2,SPOT,30min,6856,1.571220228,5.393895443,1.352182518,5.045831326,0.833333333,transmissible,High-transmissible,,,1,D
242,AL39,H9N2,H9,H9,d2,SPOT,30min,6857,1.872250224,5.334753162,1.559790829,5.009547862,0.833333333,transmissible,High-transmissible,,,1,D
243,AL39,H9N2,H9,H9,d2,SPOT,30min,6858,1.872250224,4.697214957,1.504273501,4.334579113,0.833333333,transmissible,High-transmissible,,,1,D
244,AL39,H9N2,H9,H9,d2,NIOSH,30min,6856,1.546757183,4.92707759,1.845771887,5.795378253,0.833333333,transmissible,High-transmissible,,,1,D
245,AL39,H9N2,H9,H9,d2,NIOSH,30min,6856,1.261521454,4.842204721,1.845771887,5.795378253,0.833333333,transmissible,High-transmissible,,,1,D
246,AL39,H9N2,H9,H9,d2,NIOSH,30min,6857,2.111028613,6.380374648,2.371870625,6.638638109,0.833333333,transmissible,High-transmissible,,,1,D
247,AL39,H9N2,H9,H9,d2,NIOSH,30min,6857,2.222603388,6.082987784,2.371870625,6.638638109,0.833333333,transmissible,High-transmissible,,,1,D
248,AL39,H9N2,H9,H9,d2,NIOSH,30min,6858,2.001884144,4.517762784,2.155797948,6.115620157,0.833333333,transmissible,High-transmissible,,,1,D
249,AL39,H9N2,H9,H9,d2,NIOSH,30min,6858,1.646872336,5.13519428,2.155797948,6.115620157,0.833333333,transmissible,High-transmissible,,,1,D
250,AL39,H9N2,H9,H9,d2,NW,,6856,8,10.52503256,8.036429266,10.54421877,0.833333333,transmissible,High-transmissible,,,1,D
251,AL39,H9N2,H9,H9,d2,NW,,6857,7.414973348,10.00544015,7.57634135,10.04747355,0.833333333,transmissible,High-transmissible,,,1,D
252,AL39,H9N2,H9,H9,d2,NW,,6858,7.84509804,10.62468089,7.930490565,10.63690889,0.833333333,transmissible,High-transmissible,,,1,D
253,AL39,H9N2,H9,H9,d3,SPOT,30min,6856,0.830857539,4.328266487,1.352182518,5.045831326,0.833333333,transmissible,High-transmissible,,,1,D
254,AL39,H9N2,H9,H9,d3,SPOT,30min,6857,0.529827543,4.631153894,1.559790829,5.009547862,0.833333333,transmissible,High-transmissible,,,1,D
255,AL39,H9N2,H9,H9,d3,SPOT,30min,6858,0,3.090746581,1.504273501,4.334579113,0.833333333,transmissible,High-transmissible,,,1,D
256,AL39,H9N2,H9,H9,d3,NIOSH,30min,6856,1.069635928,5.212944289,1.845771887,5.795378253,0.833333333,transmissible,High-transmissible,,,1,D
257,AL39,H9N2,H9,H9,d3,NIOSH,30min,6856,1.633907359,6.298905646,1.845771887,5.795378253,0.833333333,transmissible,High-transmissible,,,1,D
258,AL39,H9N2,H9,H9,d3,NIOSH,30min,6857,2.164611441,6.771369111,2.371870625,6.638638109,0.833333333,transmissible,High-transmissible,,,1,D
259,AL39,H9N2,H9,H9,d3,NIOSH,30min,6857,1.814363423,6.623494096,2.371870625,6.638638109,0.833333333,transmissible,High-transmissible,,,1,D
260,AL39,H9N2,H9,H9,d3,NIOSH,30min,6858,1.646872336,6.276575557,2.155797948,6.115620157,0.833333333,transmissible,High-transmissible,,,1,D
261,AL39,H9N2,H9,H9,d3,NIOSH,30min,6858,1.972725915,6.468217406,2.155797948,6.115620157,0.833333333,transmissible,High-transmissible,,,1,D
262,AL39,H9N2,H9,H9,d3,NW,,6856,6.397940009,9.43690634,8.036429266,10.54421877,0.833333333,transmissible,High-transmissible,,,1,D
263,AL39,H9N2,H9,H9,d3,NW,,6857,6.146128036,9.103847532,7.57634135,10.04747355,0.833333333,transmissible,High-transmissible,,,1,D
264,AL39,H9N2,H9,H9,d3,NW,,6858,5.62324929,9.126167677,7.930490565,10.63690889,0.833333333,transmissible,High-transmissible,,,1,D
265,AL39,H9N2,H9,H9,d5,SPOT,30min,6856,0.830857539,3.079002104,1.352182518,5.045831326,0.833333333,transmissible,High-transmissible,,,1,D
266,AL39,H9N2,H9,H9,d5,SPOT,30min,6857,0,0,1.559790829,5.009547862,0.833333333,transmissible,High-transmissible,,,1,D
267,AL39,H9N2,H9,H9,d5,SPOT,30min,6858,0,3.803373068,1.504273501,4.334579113,0.833333333,transmissible,High-transmissible,,,1,D
268,AL39,H9N2,H9,H9,d5,NIOSH,30min,6856,0.592514673,4.99108631,1.845771887,5.795378253,0.833333333,transmissible,High-transmissible,,,1,D
269,AL39,H9N2,H9,H9,d5,NIOSH,30min,6856,1.291484678,4.974840877,1.845771887,5.795378253,0.833333333,transmissible,High-transmissible,,,1,D
270,AL39,H9N2,H9,H9,d5,NIOSH,30min,6857,1.513333427,5.396546906,2.371870625,6.638638109,0.833333333,transmissible,High-transmissible,,,1,D
271,AL39,H9N2,H9,H9,d5,NIOSH,30min,6857,1.069635928,4.943099492,2.371870625,6.638638109,0.833333333,transmissible,High-transmissible,,,1,D
272,AL39,H9N2,H9,H9,d5,NIOSH,30min,6858,1.156786104,4.455375233,2.155797948,6.115620157,0.833333333,transmissible,High-transmissible,,,1,D
273,AL39,H9N2,H9,H9,d5,NIOSH,30min,6858,1.319513401,4.847435046,2.155797948,6.115620157,0.833333333,transmissible,High-transmissible,,,1,D
274,AL39,H9N2,H9,H9,d5,NW,,6856,5.361727836,7.727409271,8.036429266,10.54421877,0.833333333,transmissible,High-transmissible,,,1,D
275,AL39,H9N2,H9,H9,d5,NW,,6857,5.903089987,8.569778398,7.57634135,10.04747355,0.833333333,transmissible,High-transmissible,,,1,D
276,AL39,H9N2,H9,H9,d5,NW,,6858,5.77815125,8.062638823,7.930490565,10.63690889,0.833333333,transmissible,High-transmissible,,,1,D
277,Anhui1,H7N9,H7,H7,d1,SPOT,30min,6091,1.529827543,3.94554415,1.139574425,4.665181267,0.333333333,transmissible,Low-transmissible,,,1,D
278,Anhui1,H7N9,H7,H7,d1,SPOT,30min,6093,0,2.867143919,0,3.532180758,0.333333333,transmissible,Low-transmissible,,,1,D
279,Anhui1,H7N9,H7,H7,d1,SPOT,30min,6095,0,3.152126325,0,3.235720683,0.333333333,transmissible,Low-transmissible,,,1,D
280,Anhui1,H7N9,H7,H7,d1,NIOSH,30min,6091,0,3.747169388,1.677686283,5.658094957,0.333333333,transmissible,Low-transmissible,,,1,D
281,Anhui1,H7N9,H7,H7,d1,NIOSH,30min,6091,1.787491277,4.702946816,1.677686283,5.658094957,0.333333333,transmissible,Low-transmissible,,,1,D
282,Anhui1,H7N9,H7,H7,d1,NIOSH,30min,6093,0,3.236251965,1.77815125,5.263328141,0.333333333,transmissible,Low-transmissible,,,1,D
283,Anhui1,H7N9,H7,H7,d1,NIOSH,30min,6093,0,3.197091253,1.77815125,5.263328141,0.333333333,transmissible,Low-transmissible,,,1,D
284,Anhui1,H7N9,H7,H7,d1,NIOSH,30min,6095,0.893544669,4.282383832,1.43241152,5.22361169,0.333333333,transmissible,Low-transmissible,,,1,D
285,Anhui1,H7N9,H7,H7,d1,NIOSH,30min,6095,0,2.896484353,1.43241152,5.22361169,0.333333333,transmissible,Low-transmissible,,,1,D
286,Anhui1,H7N9,H7,H7,d1,NW,,6091,7.041392685,8.121688766,6.820857989,8.913296293,0.333333333,transmissible,Low-transmissible,,,1,D
287,Anhui1,H7N9,H7,H7,d1,NW,,6093,6.146128036,7.873395124,6.40654018,8.951573643,0.333333333,transmissible,Low-transmissible,,,1,D
288,Anhui1,H7N9,H7,H7,d1,NW,,6095,6.176091259,7.978242975,6.618048097,9.389661654,0.333333333,transmissible,Low-transmissible,,,1,D
289,Anhui1,H7N9,H7,H7,d2,SPOT,30min,6091,0.529827543,4.069701299,1.139574425,4.665181267,0.333333333,transmissible,Low-transmissible,,,1,D
290,Anhui1,H7N9,H7,H7,d2,SPOT,30min,6093,0,2.826984635,0,3.532180758,0.333333333,transmissible,Low-transmissible,,,1,D
291,Anhui1,H7N9,H7,H7,d2,SPOT,30min,6095,0,3.410783539,0,3.235720683,0.333333333,transmissible,Low-transmissible,,,1,D
292,Anhui1,H7N9,H7,H7,d2,NIOSH,30min,6091,1.56255145,5.492837499,1.677686283,5.658094957,0.333333333,transmissible,Low-transmissible,,,1,D
293,Anhui1,H7N9,H7,H7,d2,NIOSH,30min,6091,0.71745341,5.091845729,1.677686283,5.658094957,0.333333333,transmissible,Low-transmissible,,,1,D
294,Anhui1,H7N9,H7,H7,d2,NIOSH,30min,6093,1.49560466,4.561533747,1.77815125,5.263328141,0.333333333,transmissible,Low-transmissible,,,1,D
295,Anhui1,H7N9,H7,H7,d2,NIOSH,30min,6093,1.683595143,4.856068698,1.77815125,5.263328141,0.333333333,transmissible,Low-transmissible,,,1,D
296,Anhui1,H7N9,H7,H7,d2,NIOSH,30min,6095,1.546757183,5.214181357,1.43241152,5.22361169,0.333333333,transmissible,Low-transmissible,,,1,D
297,Anhui1,H7N9,H7,H7,d2,NIOSH,30min,6095,0.592514673,4.279012738,1.43241152,5.22361169,0.333333333,transmissible,Low-transmissible,,,1,D
298,Anhui1,H7N9,H7,H7,d2,NW,,6091,6,8.833960663,6.820857989,8.913296293,0.333333333,transmissible,Low-transmissible,,,1,D
299,Anhui1,H7N9,H7,H7,d2,NW,,6093,6.204119983,8.813893185,6.40654018,8.951573643,0.333333333,transmissible,Low-transmissible,,,1,D
300,Anhui1,H7N9,H7,H7,d2,NW,,6095,6.462397998,9.067394505,6.618048097,9.389661654,0.333333333,transmissible,Low-transmissible,,,1,D
301,Anhui1,H7N9,H7,H7,d3,SPOT,30min,6091,1.374925583,5.263788767,1.139574425,4.665181267,0.333333333,transmissible,Low-transmissible,,,1,D
302,Anhui1,H7N9,H7,H7,d3,SPOT,30min,6093,0,4.140290059,0,3.532180758,0.333333333,transmissible,Low-transmissible,,,1,D
303,Anhui1,H7N9,H7,H7,d3,SPOT,30min,6095,0,3.164553328,0,3.235720683,0.333333333,transmissible,Low-transmissible,,,1,D
304,Anhui1,H7N9,H7,H7,d3,NIOSH,30min,6091,1.577791417,5.818800827,1.677686283,5.658094957,0.333333333,transmissible,Low-transmissible,,,1,D
305,Anhui1,H7N9,H7,H7,d3,NIOSH,30min,6091,0.893544669,5.373315891,1.677686283,5.658094957,0.333333333,transmissible,Low-transmissible,,,1,D
306,Anhui1,H7N9,H7,H7,d3,NIOSH,30min,6093,1.370665924,5.097936812,1.77815125,5.263328141,0.333333333,transmissible,Low-transmissible,,,1,D
307,Anhui1,H7N9,H7,H7,d3,NIOSH,30min,6093,1.758846095,5.589315681,1.77815125,5.263328141,0.333333333,transmissible,Low-transmissible,,,1,D
308,Anhui1,H7N9,H7,H7,d3,NIOSH,30min,6095,1.34584234,4.586280073,1.43241152,5.22361169,0.333333333,transmissible,Low-transmissible,,,1,D
309,Anhui1,H7N9,H7,H7,d3,NIOSH,30min,6095,0,5.389760486,1.43241152,5.22361169,0.333333333,transmissible,Low-transmissible,,,1,D
310,Anhui1,H7N9,H7,H7,d3,NW,,6091,5.380211242,8.149692177,6.820857989,8.913296293,0.333333333,transmissible,Low-transmissible,,,1,D
311,Anhui1,H7N9,H7,H7,d3,NW,,6093,5.698970004,8.614183294,6.40654018,8.951573643,0.333333333,transmissible,Low-transmissible,,,1,D
312,Anhui1,H7N9,H7,H7,d3,NW,,6095,6,9.393529728,6.618048097,9.389661654,0.333333333,transmissible,Low-transmissible,,,1,D
313,Anhui1,H7N9,H7,H7,d5,SPOT,30min,6091,0.830857539,4.121483853,1.139574425,4.665181267,0.333333333,transmissible,Low-transmissible,,,1,D
314,Anhui1,H7N9,H7,H7,d5,SPOT,30min,6093,0,3.309070217,0,3.532180758,0.333333333,transmissible,Low-transmissible,,,1,D
315,Anhui1,H7N9,H7,H7,d5,SPOT,30min,6095,0,3.819199514,0,3.235720683,0.333333333,transmissible,Low-transmissible,,,1,D
316,Anhui1,H7N9,H7,H7,d5,NIOSH,30min,6091,1.069635928,4.734475294,1.677686283,5.658094957,0.333333333,transmissible,Low-transmissible,,,1,D
317,Anhui1,H7N9,H7,H7,d5,NIOSH,30min,6091,0,4.228356347,1.677686283,5.658094957,0.333333333,transmissible,Low-transmissible,,,1,D
318,Anhui1,H7N9,H7,H7,d5,NIOSH,30min,6093,0,4.6010402,1.77815125,5.263328141,0.333333333,transmissible,Low-transmissible,,,1,D
319,Anhui1,H7N9,H7,H7,d5,NIOSH,30min,6093,0,3.809066028,1.77815125,5.263328141,0.333333333,transmissible,Low-transmissible,,,1,D
320,Anhui1,H7N9,H7,H7,d5,NIOSH,30min,6095,0,4.793420156,1.43241152,5.22361169,0.333333333,transmissible,Low-transmissible,,,1,D
321,Anhui1,H7N9,H7,H7,d5,NIOSH,30min,6095,0,3.381698272,1.43241152,5.22361169,0.333333333,transmissible,Low-transmissible,,,1,D
322,Anhui1,H7N9,H7,H7,d5,NW,,6091,5,9.020868678,6.820857989,8.913296293,0.333333333,transmissible,Low-transmissible,,,1,D
323,Anhui1,H7N9,H7,H7,d5,NW,,6093,5.204119983,8.881592858,6.40654018,8.951573643,0.333333333,transmissible,Low-transmissible,,,1,D
324,Anhui1,H7N9,H7,H7,d5,NW,,6095,5.146128036,9.217862327,6.618048097,9.389661654,0.333333333,transmissible,Low-transmissible,,,1,D
325,CO137,H5N1,2.3.4.4b,B3.13,d1,SPOT,60min,4683,1.702430474,5.651053984,1.131517363,5.268339997,0,non-transmissible,Non-transmissible,,,0,A
326,CO137,H5N1,2.3.4.4b,B3.13,d1,SPOT,60min,4684,0,5.560971433,0.585405066,5.546027626,0,non-transmissible,Non-transmissible,,,0,A
327,CO137,H5N1,2.3.4.4b,B3.13,d1,SPOT,60min,4685,0,4.288923891,0.534159756,4.846859926,0,non-transmissible,Non-transmissible,,,0,A
328,CO137,H5N1,2.3.4.4b,B3.13,d1,NIOSH,60min,4683,0.115393419,4.90099477,1.613703972,6.440793405,0,non-transmissible,Non-transmissible,,,0,A
329,CO137,H5N1,2.3.4.4b,B3.13,d1,NIOSH,60min,4684,0.416423414,4.677494679,1.524359832,6.162778324,0,non-transmissible,Non-transmissible,,,0,A
330,CO137,H5N1,2.3.4.4b,B3.13,d1,NIOSH,60min,4685,0.768605932,5.168568626,1.090250383,5.467524466,0,non-transmissible,Non-transmissible,,,0,A
331,CO137,H5N1,2.3.4.4b,B3.13,d1,NW,,4683,6.397940009,9.403277538,6.781755375,10.12128524,0,non-transmissible,Non-transmissible,,,0,A
332,CO137,H5N1,2.3.4.4b,B3.13,d1,NW,,4684,5.278753601,8.929506599,6.739967697,10.1269773,0,non-transmissible,Non-transmissible,,,0,A
333,CO137,H5N1,2.3.4.4b,B3.13,d1,NW,,4685,6,9.562919298,6.812913357,9.875176331,0,non-transmissible,Non-transmissible,,,0,A
334,CO137,H5N1,2.3.4.4b,B3.13,d2,SPOT,60min,4683,0,5.27293861,1.131517363,5.268339997,0,non-transmissible,Non-transmissible,,,0,A
335,CO137,H5N1,2.3.4.4b,B3.13,d2,SPOT,60min,4684,0.680287729,5.71539414,0.585405066,5.546027626,0,non-transmissible,Non-transmissible,,,0,A
336,CO137,H5N1,2.3.4.4b,B3.13,d2,SPOT,60min,4685,1.203166475,5.489317628,0.534159756,4.846859926,0,non-transmissible,Non-transmissible,,,0,A
337,CO137,H5N1,2.3.4.4b,B3.13,d2,NIOSH,60min,4683,0,4.66132529,1.613703972,6.440793405,0,non-transmissible,Non-transmissible,,,0,A
338,CO137,H5N1,2.3.4.4b,B3.13,d2,NIOSH,60min,4684,0.330993219,5.652025877,1.524359832,6.162778324,0,non-transmissible,Non-transmissible,,,0,A
339,CO137,H5N1,2.3.4.4b,B3.13,d2,NIOSH,60min,4685,1.273001272,5.642922133,1.090250383,5.467524466,0,non-transmissible,Non-transmissible,,,0,A
340,CO137,H5N1,2.3.4.4b,B3.13,d2,NW,,4683,6.176091259,9.825613033,6.781755375,10.12128524,0,non-transmissible,Non-transmissible,,,0,A
341,CO137,H5N1,2.3.4.4b,B3.13,d2,NW,,4684,6.380211242,9.900360926,6.739967697,10.1269773,0,non-transmissible,Non-transmissible,,,0,A
342,CO137,H5N1,2.3.4.4b,B3.13,d2,NW,,4685,7.079181246,10.05494635,6.812913357,9.875176331,0,non-transmissible,Non-transmissible,,,0,A
343,CO137,H5N1,2.3.4.4b,B3.13,d3,SPOT,60min,4683,1.106256462,4.632901279,1.131517363,5.268339997,0,non-transmissible,Non-transmissible,,,0,A
344,CO137,H5N1,2.3.4.4b,B3.13,d3,SPOT,60min,4684,0.923524585,5.377098985,0.585405066,5.546027626,0,non-transmissible,Non-transmissible,,,0,A
345,CO137,H5N1,2.3.4.4b,B3.13,d3,NIOSH,60min,4683,1.907785108,6.728127882,1.613703972,6.440793405,0,non-transmissible,Non-transmissible,,,0,A
346,CO137,H5N1,2.3.4.4b,B3.13,d3,NIOSH,60min,4684,1.77815125,6.293207987,1.524359832,6.162778324,0,non-transmissible,Non-transmissible,,,0,A
347,CO137,H5N1,2.3.4.4b,B3.13,d3,NW,,4683,6.819543936,10.02228811,6.781755375,10.12128524,0,non-transmissible,Non-transmissible,,,0,A
348,CO137,H5N1,2.3.4.4b,B3.13,d3,NW,,4684,6.77815125,10.00182837,6.739967697,10.1269773,0,non-transmissible,Non-transmissible,,,0,A
349,NE14,H1N1,H1,H1,d1,SPOT,30min,6775,0.544067982,2.860809727,1.857061751,4.487067836,1,transmissible,High-transmissible,,,1,D
350,NE14,H1N1,H1,H1,d1,SPOT,30min,6051,1.479827086,3.328656165,1.216951394,4.580449148,1,transmissible,High-transmissible,,,1,D
351,NE14,H1N1,H1,H1,d1,NIOSH,60min,6775,1.229336771,3.989731785,2.402354849,5.969141318,1,transmissible,High-transmissible,,,1,D
352,NE14,H1N1,H1,H1,d1,NIOSH,60min,6051,1.332877363,3.972837807,2.615080501,6.844343403,1,transmissible,High-transmissible,,,1,D
353,NE14,H1N1,H1,H1,d1,NIOSH,30min,6775,1.319513401,3.91490069,2.402354849,5.969141318,1,transmissible,High-transmissible,,,1,D
354,NE14,H1N1,H1,H1,d1,NIOSH,30min,6051,1.683595143,4.191951661,2.615080501,6.844343403,1,transmissible,High-transmissible,,,1,D
355,NE14,H1N1,H1,H1,d1,NW,,6775,7.491361694,10.54387567,7.255272505,10.4700395,1,transmissible,High-transmissible,,,1,D
356,NE14,H1N1,H1,H1,d1,NW,,6051,8.079181246,10.8572932,7.786928794,10.65772886,1,transmissible,High-transmissible,,,1,D
357,NE14,H1N1,H1,H1,d2,SPOT,30min,6775,0.555063367,4.222101488,1.857061751,4.487067836,1,transmissible,High-transmissible,,,1,D
358,NE14,H1N1,H1,H1,d2,SPOT,30min,6051,1.224554581,4.926024089,1.216951394,4.580449148,1,transmissible,High-transmissible,,,1,D
359,NE14,H1N1,H1,H1,d2,NIOSH,60min,6775,1.42714728,5.095589511,2.402354849,5.969141318,1,transmissible,High-transmissible,,,1,D
360,NE14,H1N1,H1,H1,d2,NIOSH,60min,6051,2.287119872,5.653571951,2.615080501,6.844343403,1,transmissible,High-transmissible,,,1,D
361,NE14,H1N1,H1,H1,d2,NIOSH,30min,6775,1.88624543,5.415166626,2.402354849,5.969141318,1,transmissible,High-transmissible,,,1,D
362,NE14,H1N1,H1,H1,d2,NIOSH,30min,6051,2.695177015,7.11355016,2.615080501,6.844343403,1,transmissible,High-transmissible,,,1,D
363,NE14,H1N1,H1,H1,d2,NW,,6775,6,10.04962117,7.255272505,10.4700395,1,transmissible,High-transmissible,,,1,D
364,NE14,H1N1,H1,H1,d2,NW,,6051,6,9.946208103,7.786928794,10.65772886,1,transmissible,High-transmissible,,,1,D
365,NE14,H1N1,H1,H1,d3,SPOT,30min,6775,2.51203175,5.038082834,1.857061751,4.487067836,1,transmissible,High-transmissible,,,1,D
366,NE14,H1N1,H1,H1,d3,SPOT,30min,6051,1.119799035,3.832356459,1.216951394,4.580449148,1,transmissible,High-transmissible,,,1,D
367,NE14,H1N1,H1,H1,d3,NIOSH,60min,6775,2.099920732,5.452963821,2.402354849,5.969141318,1,transmissible,High-transmissible,,,1,D
368,NE14,H1N1,H1,H1,d3,NIOSH,60min,6051,0.513333427,6.011724107,2.615080501,6.844343403,1,transmissible,High-transmissible,,,1,D
369,NE14,H1N1,H1,H1,d3,NIOSH,30min,6775,2.805589499,6.423968984,2.402354849,5.969141318,1,transmissible,High-transmissible,,,1,D
370,NE14,H1N1,H1,H1,d3,NIOSH,30min,6051,2.294370366,4.339599258,2.615080501,6.844343403,1,transmissible,High-transmissible,,,1,D
371,NE14,H1N1,H1,H1,d3,NW,,6775,6.477121255,9.21065294,7.255272505,10.4700395,1,transmissible,High-transmissible,,,1,D
372,NE14,H1N1,H1,H1,d3,NW,,6051,5.653212514,9.106282212,7.786928794,10.65772886,1,transmissible,High-transmissible,,,1,D
373,NE14,H1N1,H1,H1,d5,SPOT,30min,6775,1.131887535,5.07899915,1.857061751,4.487067836,1,transmissible,High-transmissible,,,1,D
374,NE14,H1N1,H1,H1,d5,SPOT,30min,6051,1.705918802,4.02438574,1.216951394,4.580449148,1,transmissible,High-transmissible,,,1,D
375,NE14,H1N1,H1,H1,d5,NIOSH,30min,6775,2.314050506,6.973353231,2.402354849,5.969141318,1,transmissible,High-transmissible,,,1,D
376,NE14,H1N1,H1,H1,d5,NIOSH,30min,6051,2.12399359,6.315731721,2.615080501,6.844343403,1,transmissible,High-transmissible,,,1,D
377,NE14,H1N1,H1,H1,d5,NW,,6775,5.267171728,8.782837214,7.255272505,10.4700395,1,transmissible,High-transmissible,,,1,D
378,NE14,H1N1,H1,H1,d5,NW,,6051,5.079181246,8.907598486,7.786928794,10.65772886,1,transmissible,High-transmissible,,,1,D
1,AL/39,,,,d1,NW,2h_ cage,F1,6.5,7.25,6.693776,7.499503,0.6666667,transmissible,Low-transmissible,3.16E+06,1.78E+07,1,D
2,AL/39,,,,d1,NW,2h_ cage,F2,7.25,6.87,7.263521,7.326683,0.6666667,transmissible,Low-transmissible,1.78E+07,7.41E+06,1,D
3,AL/39,,,,d1,NW,2h_ cage,F3,7.5,8.81,7.541393,8.884161,0.6666667,transmissible,Low-transmissible,3.16E+07,6.46E+08,1,D
4,AL/39,,,,d3,NW,2h_ cage,F1,6.25,7.14,6.693776,7.499503,0.6666667,transmissible,Low-transmissible,1.78E+06,1.38E+07,1,D
5,AL/39,,,,d3,NW,2h_ cage,F2,5.75,7.14,7.263521,7.326683,0.6666667,transmissible,Low-transmissible,5.62E+05,1.38E+07,1,D
6,AL/39,,,,d3,NW,2h_ cage,F3,6.5,8.08,7.541393,8.884161,0.6666667,transmissible,Low-transmissible,3.16E+06,1.20E+08,1,D
7,AL/39,,,,d5,NW,2h_ cage,F1,8.25,8.44,6.693776,7.499503,0.6666667,transmissible,Low-transmissible,1.78E+08,2.75E+08,1,D
8,AL/39,,,,d5,NW,2h_ cage,F2,7.25,7.85,7.263521,7.326683,0.6666667,transmissible,Low-transmissible,1.78E+07,7.08E+07,1,D
9,AL/39,,,,d5,NW,2h_ cage,F3,7.5,8.02,7.541393,8.884161,0.6666667,transmissible,Low-transmissible,3.16E+07,1.05E+08,1,D
10,CA18,,,,d1,NW,2h_ cage,F1,5.75,5.4,5.943776,6.004221,0,non-transmissible,Non-transmissible,5.62E+05,2.51E+05,0,A
11,CA18,,,,d1,NW,2h_ cage,F2,4.25,5.05,6.502435,6.146268,0,non-transmissible,Non-transmissible,1.78E+04,1.12E+05,0,A
12,CA18,,,,d1,NW,2h_ cage,F3,4.5,4.46,4.80103,5.528749,0,non-transmissible,Non-transmissible,3.16E+04,2.88E+04,0,A
13,CA18,,,,d3,NW,2h_ cage,F1,5.5,5.88,5.943776,6.004221,0,non-transmissible,Non-transmissible,3.16E+05,7.59E+05,0,A
14,CA18,,,,d3,NW,2h_ cage,F2,6.5,6.11,6.502435,6.146268,0,non-transmissible,Non-transmissible,3.16E+06,1.29E+06,0,A
15,CA18,,,,d3,NW,2h_ cage,F3,4.5,5.49,4.80103,5.528749,0,non-transmissible,Non-transmissible,3.16E+04,3.09E+05,0,A
16,CA62,,,,d1,NW,2h_ cage,F1,5.43,7.21,6.167736,8.48376,0.3333333,transmissible,Low-transmissible,2.69E+05,1.62E+07,1,D
17,CA62,,,,d1,NW,2h_ cage,F2,5.9,7.89,6.054296,8.21149,0.3333333,transmissible,Low-transmissible,7.94E+05,7.76E+07,1,D
18,CA62,,,,d1,NW,2h_ cage,F3,5.54,6.97,5.744814,8.075475,0.3333333,transmissible,Low-transmissible,3.47E+05,9.33E+06,1,D
19,CA62,,,,d3,NW,2h_ cage,F1,6.08,8.46,6.167736,8.48376,0.3333333,transmissible,Low-transmissible,1.20E+06,2.88E+08,1,D
20,CA62,,,,d3,NW,2h_ cage,F2,5.53,7.93,6.054296,8.21149,0.3333333,transmissible,Low-transmissible,3.39E+05,8.51E+07,1,D
21,CA62,,,,d3,NW,2h_ cage,F3,5.32,8.04,5.744814,8.075475,0.3333333,transmissible,Low-transmissible,2.09E+05,1.10E+08,1,D
22,CA62,,,,d5,NW,2h_ cage,F1,5.38,7.43,6.167736,8.48376,0.3333333,transmissible,Low-transmissible,2.40E+05,2.69E+07,1,D
23,CA62,,,,d5,NW,2h_ cage,F2,6.34,8.06,6.054296,8.21149,0.3333333,transmissible,Low-transmissible,2.19E+06,1.15E+08,1,D
24,CA62,,,,d5,NW,2h_ cage,F3,5.18,7.12,5.744814,8.075475,0.3333333,transmissible,Low-transmissible,1.51E+05,1.32E+07,1,D
25,dkBg,,,,d1,NW,2h_ cage,F1,2.5,3.3,3.77376,3.89673,0,non-transmissible,Non-transmissible,3.16E+02,2.00E+03,0,A
26,dkBg,,,,d1,NW,2h_ cage,F2,2.5,4.43,2.943776,6.841686,0,non-transmissible,Non-transmissible,3.16E+02,2.69E+04,0,A
27,dkBg,,,,d1,NW,2h_ cage,F3,2.5,4.48,3.541393,5.858556,0,non-transmissible,Non-transmissible,3.16E+02,3.02E+04,0,A
28,dkBg,,,,d3,NW,2h_ cage,F1,3.75,3.77,3.77376,3.89673,0,non-transmissible,Non-transmissible,5.62E+03,5.89E+03,0,A
29,dkBg,,,,d3,NW,2h_ cage,F2,2.75,6.84,2.943776,6.841686,0,non-transmissible,Non-transmissible,5.62E+02,6.92E+06,0,A
30,dkBg,,,,d3,NW,2h_ cage,F3,3.5,5.84,3.541393,5.858556,0,non-transmissible,Non-transmissible,3.16E+03,6.92E+05,0,A
31,ID07,,,,d1,NW,2h_ cage,F1,6.021189,9.41,6.028164,9.410704,1,transmissible,High-transmissible,1.05E+06,2.57E+09,2,H
32,ID07,,,,d1,NW,2h_ cage,F2,6.53,9.29,6.557921,9.291766,1,transmissible,High-transmissible,3.39E+06,1.95E+09,2,H
33,ID07,,,,d1,NW,2h_ cage,F3,5.81,9,5.826954,9.003854,1,transmissible,High-transmissible,6.46E+05,1.00E+09,2,H
34,ID07,,,,d3,NW,2h_ cage,F1,4.230449,6.62,6.028164,9.410704,1,transmissible,High-transmissible,1.70E+04,4.17E+06,2,H
35,ID07,,,,d3,NW,2h_ cage,F2,5.352183,6.9,6.557921,9.291766,1,transmissible,High-transmissible,2.25E+05,7.94E+06,2,H
36,ID07,,,,d3,NW,2h_ cage,F3,4.41,6.95,5.826954,9.003854,1,transmissible,High-transmissible,2.57E+04,8.91E+06,2,H
37,ID07,,,,d5,NW,2h_ cage,F1,4.041393,7.25,6.028164,9.410704,1,transmissible,High-transmissible,1.10E+04,1.78E+07,2,H
38,ID07,,,,d5,NW,2h_ cage,F2,3.845098,6.6,6.557921,9.291766,1,transmissible,High-transmissible,7.00E+03,3.98E+06,2,H
39,ID07,,,,d5,NW,2h_ cage,F3,3.69,8.05,5.826954,9.003854,1,transmissible,High-transmissible,4.90E+03,1.12E+08,2,H
40,MI288,,,,d1,NW,2h_ cage,F1,7.32,9.93,7.330295,9.946205,1,transmissible,High-transmissible,2.09E+07,8.51E+09,2,H
41,MI288,,,,d1,NW,2h_ cage,F2,7.59,8.74,7.593358,8.802537,1,transmissible,High-transmissible,3.89E+07,5.50E+08,2,H
42,MI288,,,,d1,NW,2h_ cage,F3,7.92,9.01,7.951057,9.06039,1,transmissible,High-transmissible,8.32E+07,1.02E+09,2,H
43,MI288,,,,d3,NW,2h_ cage,F1,5.7,8.51,7.330295,9.946205,1,transmissible,High-transmissible,5.01E+05,3.24E+08,2,H
44,MI288,,,,d3,NW,2h_ cage,F2,5.48,7.93,7.593358,8.802537,1,transmissible,High-transmissible,3.02E+05,8.51E+07,2,H
45,MI288,,,,d3,NW,2h_ cage,F3,6.79,8.1,7.951057,9.06039,1,transmissible,High-transmissible,6.17E+06,1.26E+08,2,H
46,MI288,,,,d5,NW,2h_ cage,F1,5.23,8.39,7.330295,9.946205,1,transmissible,High-transmissible,1.70E+05,2.45E+08,2,H
47,MI288,,,,d5,NW,2h_ cage,F2,5.75,7.55,7.593358,8.802537,1,transmissible,High-transmissible,5.62E+05,3.55E+07,2,H
48,MI288,,,,d5,NW,2h_ cage,F3,5.68,7.6,7.951057,9.06039,1,transmissible,High-transmissible,4.79E+05,3.98E+07,2,H
49,MI45,,,,d1,NW,2h_ cage,F1,6.462398,9.58,6.475671,9.590063,1,transmissible,High-transmissible,2.90E+06,3.80E+09,2,H
50,MI45,,,,d1,NW,2h_ cage,F2,6.954243,9.45,6.986772,9.457148,1,transmissible,High-transmissible,9.00E+06,2.82E+09,2,H
51,MI45,,,,d1,NW,2h_ cage,F3,7.342423,9.75,7.361728,9.762921,1,transmissible,High-transmissible,2.20E+07,5.62E+09,2,H
52,MI45,,,,d3,NW,2h_ cage,F1,4.954243,7.95,6.475671,9.590063,1,transmissible,High-transmissible,9.00E+04,8.91E+07,2,H
53,MI45,,,,d3,NW,2h_ cage,F2,5.845098,7.67,6.986772,9.457148,1,transmissible,High-transmissible,7.00E+05,4.68E+07,2,H
54,MI45,,,,d3,NW,2h_ cage,F3,6,8.23,7.361728,9.762921,1,transmissible,High-transmissible,1.00E+06,1.70E+08,2,H
55,MI45,,,,d5,NW,2h_ cage,F1,5.267172,7.68,6.475671,9.590063,1,transmissible,High-transmissible,1.85E+05,4.79E+07,2,H
56,MI45,,,,d5,NW,2h_ cage,F2,5,7.96,6.986772,9.457148,1,transmissible,High-transmissible,1.00E+05,9.12E+07,2,H
57,MI45,,,,d5,NW,2h_ cage,F3,4.332438,7.59,7.361728,9.762921,1,transmissible,High-transmissible,2.15E+04,3.89E+07,2,H
58,MN45,,,,d1,NW,2h_ cage,F1,5.851258,7.95,6.206826,9.046268,1,transmissible,High-transmissible,7.10E+05,8.91E+07,2,H
59,MN45,,,,d1,NW,2h_ cage,F2,6.322219,8.02,6.33646,9.398556,1,transmissible,High-transmissible,2.10E+06,1.05E+08,2,H
60,MN45,,,,d1,NW,2h_ cage,F3,7.371068,9.2,7.372415,9.254956,1,transmissible,High-transmissible,2.35E+07,1.58E+09,2,H
61,MN45,,,,d3,NW,2h_ cage,F1,5.954243,9.01,6.206826,9.046268,1,transmissible,High-transmissible,9.00E+05,1.02E+09,2,H
62,MN45,,,,d3,NW,2h_ cage,F2,4.845098,9.38,6.33646,9.398556,1,transmissible,High-transmissible,7.00E+04,2.40E+09,2,H
63,MN45,,,,d3,NW,2h_ cage,F3,4.863323,8.33,7.372415,9.254956,1,transmissible,High-transmissible,7.30E+04,2.14E+08,2,H
64,MN45,,,,d5,NW,2h_ cage,F1,6.060698,8.7,6.206826,9.046268,1,transmissible,High-transmissible,1.15E+06,5.01E+08,2,H
65,MN45,,,,d5,NW,2h_ cage,F2,6.39794,8.27,6.33646,9.398556,1,transmissible,High-transmissible,2.50E+06,1.86E+08,2,H
66,MN45,,,,d5,NW,2h_ cage,F3,5.190332,8.1,7.372415,9.254956,1,transmissible,High-transmissible,1.55E+05,1.26E+08,2,H
67,MN45,,,,d7,NW,2h_ cage,F1,1,6.79,6.206826,9.046268,1,transmissible,High-transmissible,1.00E+01,6.17E+06,2,H
68,MN45,,,,d7,NW,2h_ cage,F2,1,5.9,6.33646,9.398556,1,transmissible,High-transmissible,1.00E+01,7.94E+05,2,H
69,MN45,,,,d7,NW,2h_ cage,F3,1,6.83,7.372415,9.254956,1,transmissible,High-transmissible,1.00E+01,6.76E+06,2,H
70,MN45,,,,d9,NW,2h_ cage,F1,1,6.16,6.206826,9.046268,1,transmissible,High-transmissible,1.00E+01,1.45E+06,2,H
71,MN45,,,,d9,NW,2h_ cage,F2,1,5.93,6.33646,9.398556,1,transmissible,High-transmissible,1.00E+01,8.51E+05,2,H
72,MN45,,,,d9,NW,2h_ cage,F3,1,7.03,7.372415,9.254956,1,transmissible,High-transmissible,1.00E+01,1.07E+07,2,H
73,NE/14,,,,d1,NW,2h_ cage,F1,7.954243,10.1,7.959757,10.104034,1,transmissible,High-transmissible,9.00E+07,1.26E+10,1,D
74,NE/14,,,,d1,NW,2h_ cage,F2,7.778151,10,7.779019,10.004629,1,transmissible,High-transmissible,6.00E+07,1.00E+10,1,D
75,NE/14,,,,d1,NW,2h_ cage,F3,7.537819,9.74,7.539327,9.748197,1,transmissible,High-transmissible,3.45E+07,5.50E+09,1,D
76,NE/14,,,,d3,NW,2h_ cage,F1,6.060698,8.07,7.959757,10.104034,1,transmissible,High-transmissible,1.15E+06,1.17E+08,1,D
77,NE/14,,,,d3,NW,2h_ cage,F2,5.079181,8.03,7.779019,10.004629,1,transmissible,High-transmissible,1.20E+05,1.07E+08,1,D
78,NE/14,,,,d3,NW,2h_ cage,F3,5.079181,8.02,7.539327,9.748197,1,transmissible,High-transmissible,1.20E+05,1.05E+08,1,D
79,NE/14,,,,d5,NW,2h_ cage,F1,3.477121,7.63,7.959757,10.104034,1,transmissible,High-transmissible,3.00E+03,4.27E+07,1,D
80,NE/14,,,,d5,NW,2h_ cage,F2,5.267172,7.69,7.779019,10.004629,1,transmissible,High-transmissible,1.85E+05,4.90E+07,1,D
81,NE/14,,,,d5,NW,2h_ cage,F3,5.079181,7.66,7.539327,9.748197,1,transmissible,High-transmissible,1.20E+05,4.57E+07,1,D
82,OH02,,,,d1,NW,2h_ cage,F1,4.69897,6.21,5.4843,8.234128,0,non-transmissible,Non-transmissible,5.00E+04,1.62E+06,2,H
83,OH02,,,,d1,NW,2h_ cage,F2,5.113943,7.37,5.311754,8.115924,0,non-transmissible,Non-transmissible,1.30E+05,2.34E+07,2,H
84,OH02,,,,d1,NW,2h_ cage,F3,5.322219,7.37,5.550228,8.182606,0,non-transmissible,Non-transmissible,2.10E+05,2.34E+07,2,H
85,OH02,,,,d3,NW,2h_ cage,F1,5.40654,8.23,5.4843,8.234128,0,non-transmissible,Non-transmissible,2.55E+05,1.70E+08,2,H
86,OH02,,,,d3,NW,2h_ cage,F2,4.875061,8.03,5.311754,8.115924,0,non-transmissible,Non-transmissible,7.50E+04,1.07E+08,2,H
87,OH02,,,,d3,NW,2h_ cage,F3,5.161368,8.11,5.550228,8.182606,0,non-transmissible,Non-transmissible,1.45E+05,1.29E+08,2,H
88,OH02,,,,d5,NW,2h_ cage,F1,5.217484,7.7,5.4843,8.234128,0,non-transmissible,Non-transmissible,1.65E+05,5.01E+07,2,H
89,OH02,,,,d5,NW,2h_ cage,F2,5.130334,8.04,5.311754,8.115924,0,non-transmissible,Non-transmissible,1.35E+05,1.10E+08,2,H
90,OH02,,,,d5,NW,2h_ cage,F3,4.778151,7.72,5.550228,8.182606,0,non-transmissible,Non-transmissible,6.00E+04,5.25E+07,2,H
91,OH02,,,,d7,NW,2h_ cage,F1,1,6.37,5.4843,8.234128,0,non-transmissible,Non-transmissible,1.00E+01,2.34E+06,2,H
92,OH02,,,,d7,NW,2h_ cage,F2,1,5.74,5.311754,8.115924,0,non-transmissible,Non-transmissible,1.00E+01,5.50E+05,2,H
93,OH02,,,,d7,NW,2h_ cage,F3,1,6.48,5.550228,8.182606,0,non-transmissible,Non-transmissible,1.00E+01,3.02E+06,2,H
94,OH02,,,,d9,NW,2h_ cage,F1,1,5.64,5.4843,8.234128,0,non-transmissible,Non-transmissible,1.00E+01,4.37E+05,2,H
95,OH02,,,,d9,NW,2h_ cage,F2,1,5.16,5.311754,8.115924,0,non-transmissible,Non-transmissible,1.00E+01,1.45E+05,2,H
96,OH02,,,,d9,NW,2h_ cage,F3,1,3.56,5.550228,8.182606,0,non-transmissible,Non-transmissible,1.00E+01,3.63E+03,2,H
97,OH09,,,,d1,NW,2h_ cage,F1,7,8.85,7.002922,8.881057,0.3333333,transmissible,Low-transmissible,1.00E+07,7.08E+08,1,D
98,OH09,,,,d1,NW,2h_ cage,F2,7.041393,9.11,7.044285,9.11898,0.3333333,transmissible,Low-transmissible,1.10E+07,1.29E+09,1,D
99,OH09,,,,d1,NW,2h_ cage,F3,6.041393,8.03,6.064458,8.436339,0.3333333,transmissible,Low-transmissible,1.10E+06,1.07E+08,1,D
100,OH09,,,,d3,NW,2h_ cage,F1,4.829304,7.72,7.002922,8.881057,0.3333333,transmissible,Low-transmissible,6.75E+04,5.25E+07,1,D
101,OH09,,,,d3,NW,2h_ cage,F2,4.866287,7.43,7.044285,9.11898,0.3333333,transmissible,Low-transmissible,7.35E+04,2.69E+07,1,D
102,OH09,,,,d3,NW,2h_ cage,F3,4.778151,8.22,6.064458,8.436339,0.3333333,transmissible,Low-transmissible,6.00E+04,1.66E+08,1,D
103,OH09,,,,d5,NW,2h_ cage,F1,4.681241,7.69,7.002922,8.881057,0.3333333,transmissible,Low-transmissible,4.80E+04,4.90E+07,1,D
104,OH09,,,,d5,NW,2h_ cage,F2,4.720159,7.71,7.044285,9.11898,0.3333333,transmissible,Low-transmissible,5.25E+04,5.13E+07,1,D
105,OH09,,,,d5,NW,2h_ cage,F3,4.658011,7.82,6.064458,8.436339,0.3333333,transmissible,Low-transmissible,4.55E+04,6.61E+07,1,D
106,OH09,,,,d7,NW,2h_ cage,F1,1,5.92,7.002922,8.881057,0.3333333,transmissible,Low-transmissible,1.00E+01,8.32E+05,1,D
107,OH09,,,,d7,NW,2h_ cage,F2,1,5,7.044285,9.11898,0.3333333,transmissible,Low-transmissible,1.00E+01,1.00E+05,1,D
108,OH09,,,,d7,NW,2h_ cage,F3,1,4.71,6.064458,8.436339,0.3333333,transmissible,Low-transmissible,1.00E+01,5.13E+04,1,D
109,OH09,,,,d9,NW,2h_ cage,F1,1,5.25,7.002922,8.881057,0.3333333,transmissible,Low-transmissible,1.00E+01,1.78E+05,1,D
110,OH09,,,,d9,NW,2h_ cage,F2,1,4.59,7.044285,9.11898,0.3333333,transmissible,Low-transmissible,1.00E+01,3.89E+04,1,D
111,OH09,,,,d9,NW,2h_ cage,F3,1,5.13,6.064458,8.436339,0.3333333,transmissible,Low-transmissible,1.00E+01,1.35E+05,1,D
112,OH24,,,,d1,NW,2h_ cage,F1,5.23,7.74,5.277203,8.216435,0.3333333,transmissible,Low-transmissible,1.70E+05,5.50E+07,1,D
113,OH24,,,,d1,NW,2h_ cage,F2,3.1,6.03,3.862401,7.6018,0.3333333,transmissible,Low-transmissible,1.26E+03,1.07E+06,1,D
114,OH24,,,,d1,NW,2h_ cage,F3,5.65,8.51,5.669411,8.742474,0.3333333,transmissible,Low-transmissible,4.47E+05,3.24E+08,1,D
115,OH24,,,,d3,NW,2h_ cage,F1,4.29,8.04,5.277203,8.216435,0.3333333,transmissible,Low-transmissible,1.95E+04,1.10E+08,1,D
116,OH24,,,,d3,NW,2h_ cage,F2,3.78,7.59,3.862401,7.6018,0.3333333,transmissible,Low-transmissible,6.03E+03,3.89E+07,1,D
117,OH24,,,,d3,NW,2h_ cage,F3,4.31,8.36,5.669411,8.742474,0.3333333,transmissible,Low-transmissible,2.04E+04,2.29E+08,1,D
118,OH24,,,,d5,NW,2h_ cage,F1,4.32,8.19,5.277203,8.216435,0.3333333,transmissible,Low-transmissible,2.09E+04,1.55E+08,1,D
119,OH24,,,,d5,NW,2h_ cage,F2,4.63,8.39,3.862401,7.6018,0.3333333,transmissible,Low-transmissible,4.27E+04,2.45E+08,1,D
120,OH24,,,,d5,NW,2h_ cage,F3,4.45,7.64,5.669411,8.742474,0.3333333,transmissible,Low-transmissible,2.82E+04,4.37E+07,1,D
121,SI26221,,,,d1,NW,2h_ cage,F1,5.5,5.65,6.77376,7.852732,0,non-transmissible,Non-transmissible,3.16E+05,4.47E+05,0,A
122,SI26221,,,,d1,NW,2h_ cage,F2,4.5,4.95,6.504321,7.890498,0,non-transmissible,Non-transmissible,3.16E+04,8.91E+04,0,A
123,SI26221,,,,d1,NW,2h_ cage,F3,4.75,5.94,5.791393,7.904736,0,non-transmissible,Non-transmissible,5.62E+04,8.71E+05,0,A
124,SI26221,,,,d3,NW,2h_ cage,F1,6.75,7.85,6.77376,7.852732,0,non-transmissible,Non-transmissible,5.62E+06,7.08E+07,0,A
125,SI26221,,,,d3,NW,2h_ cage,F2,6.5,7.89,6.504321,7.890498,0,non-transmissible,Non-transmissible,3.16E+06,7.76E+07,0,A
126,SI26221,,,,d3,NW,2h_ cage,F3,5.75,7.9,5.791393,7.904736,0,non-transmissible,Non-transmissible,5.62E+05,7.94E+07,0,A
127,Yu14563,,,,d1,NW,2h_ cage,F1,3.75,6.63,5.263521,7.608244,0,non-transmissible,Non-transmissible,5.62E+03,4.27E+06,0,A
128,Yu14563,,,,d1,NW,2h_ cage,F2,4.75,6.75,5.369331,7.520689,0,non-transmissible,Non-transmissible,5.62E+04,5.62E+06,0,A
129,Yu14563,,,,d1,NW,2h_ cage,F3,4.25,6.8,4.321082,6.836268,0,non-transmissible,Non-transmissible,1.78E+04,6.31E+06,0,A
130,Yu14563,,,,d3,NW,2h_ cage,F1,5.25,7.56,5.263521,7.608244,0,non-transmissible,Non-transmissible,1.78E+05,3.63E+07,0,A
131,Yu14563,,,,d3,NW,2h_ cage,F2,5.25,7.44,5.369331,7.520689,0,non-transmissible,Non-transmissible,1.78E+05,2.75E+07,0,A
132,Yu14563,,,,d3,NW,2h_ cage,F3,3.5,5.74,4.321082,6.836268,0,non-transmissible,Non-transmissible,3.16E+03,5.50E+05,0,A
133,WA2148,H5N5,2.3.4.4b,A6,d1,NIOSH,30min,9248,,,,,0,non-transmissible,Non-transmissible,2.6,4110,,
134,WA2148,H5N5,2.3.4.4b,A6,d1,NIOSH,30min,9581,,,,,0,non-transmissible,Non-transmissible,2.6,19500,,
135,WA2148,H5N5,2.3.4.4b,A6,d1,NIOSH,30min,9583,,,,,0,non-transmissible,Non-transmissible,15.7,16700,,
136,WA2148,H5N5,2.3.4.4b,A6,d1,NIOSH,30min,9596,,,,,0,non-transmissible,Non-transmissible,0,7000,,
137,WA2148,H5N5,2.3.4.4b,A6,d1,NIOSH,30min,9598,,,,,0,non-transmissible,Non-transmissible,0,6720,,
138,WA2148,H5N5,2.3.4.4b,A6,d1,NIOSH,30min,9600,,,,,0,non-transmissible,Non-transmissible,0,2130,,
139,WA2148,H5N5,2.3.4.4b,A6,d2,NIOSH,30min,9248,,,,,0,non-transmissible,Non-transmissible,7.8,56400,,
140,WA2148,H5N5,2.3.4.4b,A6,d2,NIOSH,30min,9581,,,,,0,non-transmissible,Non-transmissible,9.1,1130000,,
141,WA2148,H5N5,2.3.4.4b,A6,d2,NIOSH,30min,9583,,,,,0,non-transmissible,Non-transmissible,5.2,17900,,
142,WA2148,H5N5,2.3.4.4b,A6,d2,NIOSH,30min,9596,,,,,0,non-transmissible,Non-transmissible,0,28776.21,,
143,WA2148,H5N5,2.3.4.4b,A6,d2,NIOSH,30min,9598,,,,,0,non-transmissible,Non-transmissible,0,1905.35,,
144,WA2148,H5N5,2.3.4.4b,A6,d2,NIOSH,30min,9600,,,,,0,non-transmissible,Non-transmissible,0,1483.37,,
145,WA2148,H5N5,2.3.4.4b,A6,d3,NIOSH,30min,9248,,,,,0,non-transmissible,Non-transmissible,0,137000,,
146,WA2148,H5N5,2.3.4.4b,A6,d3,NIOSH,30min,9581,,,,,0,non-transmissible,Non-transmissible,0,50600,,
147,WA2148,H5N5,2.3.4.4b,A6,d3,NIOSH,30min,9583,,,,,0,non-transmissible,Non-transmissible,5.2,90900,,
148,WA2148,H5N5,2.3.4.4b,A6,d3,NIOSH,30min,9596,,,,,0,non-transmissible,Non-transmissible,0,1312.83,,
149,WA2148,H5N5,2.3.4.4b,A6,d3,NIOSH,30min,9598,,,,,0,non-transmissible,Non-transmissible,0,1880.514796,,
150,WA2148,H5N5,2.3.4.4b,A6,d3,NIOSH,30min,9600,,,,,0,non-transmissible,Non-transmissible,0,1038.346279,,
151,WA2148,H5N5,2.3.4.4b,A6,d5,NIOSH,30min,9248,,,,,0,non-transmissible,Non-transmissible,0,5360,,
152,WA2148,H5N5,2.3.4.4b,A6,d5,NIOSH,30min,9581,,,,,0,non-transmissible,Non-transmissible,0,3690,,
153,WA2148,H5N5,2.3.4.4b,A6,d5,NIOSH,30min,9583,,,,,0,non-transmissible,Non-transmissible,0,65900,,
154,WA2148,H5N5,2.3.4.4b,A6,d5,NIOSH,30min,9596,,,,,0,non-transmissible,Non-transmissible,0,3250,,
155,WA2148,H5N5,2.3.4.4b,A6,d5,NIOSH,30min,9598,,,,,0,non-transmissible,Non-transmissible,0,914,,
156,WA2148,H5N5,2.3.4.4b,A6,d1,NW,,9248,,,,,0,non-transmissible,Non-transmissible,140000,262953525.5,,
157,WA2148,H5N5,2.3.4.4b,A6,d1,NW,,9581,,,,,0,non-transmissible,Non-transmissible,100000,58769114.62,,
158,WA2148,H5N5,2.3.4.4b,A6,d1,NW,,9583,,,,,0,non-transmissible,Non-transmissible,210000,68779695.81,,
159,WA2148,H5N5,2.3.4.4b,A6,d1,NW,,9596,,,,,0,non-transmissible,Non-transmissible,28000,1012420029,,
160,WA2148,H5N5,2.3.4.4b,A6,d1,NW,,9598,,,,,0,non-transmissible,Non-transmissible,3.30E+04,106141537.4,,
161,WA2148,H5N5,2.3.4.4b,A6,d1,NW,,9600,,,,,0,non-transmissible,Non-transmissible,180000,387050758,,
162,WA2148,H5N5,2.3.4.4b,A6,d2,NW,,9248,,,,,0,non-transmissible,Non-transmissible,210000,1412943198,,
163,WA2148,H5N5,2.3.4.4b,A6,d2,NW,,9581,,,,,0,non-transmissible,Non-transmissible,180000,3181355652,,
164,WA2148,H5N5,2.3.4.4b,A6,d2,NW,,9583,,,,,0,non-transmissible,Non-transmissible,70000,1208307366,,
165,WA2148,H5N5,2.3.4.4b,A6,d2,NW,,9596,,,,,0,non-transmissible,Non-transmissible,30000,1879004307,,
166,WA2148,H5N5,2.3.4.4b,A6,d2,NW,,9598,,,,,0,non-transmissible,Non-transmissible,2.70E+04,134442261.2,,
167,WA2148,H5N5,2.3.4.4b,A6,d2,NW,,9600,,,,,0,non-transmissible,Non-transmissible,200000,1398811153,,
168,WA2148,H5N5,2.3.4.4b,A6,d3,NW,,9248,,,,,0,non-transmissible,Non-transmissible,8.00E+05,3148131763,,
169,WA2148,H5N5,2.3.4.4b,A6,d3,NW,,9581,,,,,0,non-transmissible,Non-transmissible,2.00E+04,106238242.9,,
170,WA2148,H5N5,2.3.4.4b,A6,d3,NW,,9583,,,,,0,non-transmissible,Non-transmissible,1.40E+04,232391901.5,,
171,WA2148,H5N5,2.3.4.4b,A6,d3,NW,,9596,,,,,0,non-transmissible,Non-transmissible,50000,1258586143,,
172,WA2148,H5N5,2.3.4.4b,A6,d3,NW,,9598,,,,,0,non-transmissible,Non-transmissible,8.80E+04,232373304.1,,
173,WA2148,H5N5,2.3.4.4b,A6,d3,NW,,9600,,,,,0,non-transmissible,Non-transmissible,300000,2060702678,,
174,WA2148,H5N5,2.3.4.4b,A6,d5,NW,,9248,,,,,0,non-transmissible,Non-transmissible,5.00E+04,2.30E+09,,
175,WA2148,H5N5,2.3.4.4b,A6,d5,NW,,9581,,,,,0,non-transmissible,Non-transmissible,4.00E+04,2.25E+09,,
176,WA2148,H5N5,2.3.4.4b,A6,d5,NW,,9583,,,,,0,non-transmissible,Non-transmissible,1.60E+04,1.67E+09,,
177,WA2148,H5N5,2.3.4.4b,A6,d5,NW,,9596,,,,,0,non-transmissible,Non-transmissible,140000,2248470086,,
178,WA2148,H5N5,2.3.4.4b,A6,d5,NW,,9598,,,,,0,non-transmissible,Non-transmissible,100000,705240159.2,,
